Time (Sec);Voltage (V);Current (A);Power (W);Ah (Ah);Wh (Wh);
0;0;0,000331232446;0;9,09341829121826E-08;0;
0,988318211084482;0;0,000332436864;0;1,82199018114131E-07;0;;;0,000181426336869094;Ah;
1,97663642216896;0;0,000331434699;0;2,73188726116077E-07;0;;;0;Wh;
2,96495463325344;0;0,000331352818;0;3,64155955094844E-07;0;;;1649,5030943;Seconds Tot;
3,95327284433793;0;0,000332511047;0;4,55441155966196E-07;0;;;0,988318211084482;Seconds DT;
4,94159105542241;0;0,000331358417;0;5,46409922054314E-07;0;;;1669/1669;Samples;
5,92990926650689;0;0,000332481654;0;6,37687053582006E-07;0;
6,91822747759137;0;0,000331607559;0;7,28724217330054E-07;0;
7,90654568867585;0;0,00427063883;0;1,9011548086227E-06;0;
8,89486389976034;0;0,000332697203;0;1,99249111542875E-06;0;
9,88318211084482;0;0,000331547373;0;2,0835117561435E-06;0;
10,8715003219293;0;0,000331508882;0;2,17452182981485E-06;0;
11,8598185330138;0;0,000332674809;0;2,26585198873256E-06;0;
12,8481367440983;0;0,0056914406;0;3,828339319923E-06;0;
13,8364549551827;0;0,0033097092;0;4,73696317429907E-06;0;
14,8247731662672;0;0,00571600065;0;6,30619304567844E-06;0;
15,8130913773517;0;0,00476074319;0;7,61317337705995E-06;0;
16,8014095884362;0;0,00784054648;0;9,76566084123726E-06;0;
17,7897277995207;0;0,00596272019;0;1,14026233277312E-05;0;
18,7780460106052;0;0,000331319226;0;1,14935813346029E-05;0;
19,7663642216896;0;0,000332511047;0;1,15848665354743E-05;0;
20,7546824327741;0;0,000331358417;0;1,16758353015624E-05;0;
21,7430006438586;0;0,000332376678;0;1,1767083613731E-05;0;
22,7313188549431;0;0,00320056625;0;1,26457441444692E-05;0;
23,7196370660276;0;0,0073240191;0;1,46564278819305E-05;0;
24,707955277112;0;0,00822214195;0;1,6913675832849E-05;0;
25,6962734881965;0;0,00970615645;0;1,95783344937296E-05;0;
26,684591699281;0;0,00238749101;0;2,02337791726139E-05;0;
27,6729099103655;0;0,000332434065;0;2,03250432393984E-05;0;
28,66122812145;0;0,000331254141;0;2,04159833783005E-05;0;
29,6495463325345;0;0,00033245646;0;2,05072535932479E-05;0;
30,6378645436189;0;0,00033113167;0;2,0598160109839E-05;0;
31,6261827547034;0;0,000331201654;0;2,0689085839336E-05;0;
32,6145009657879;0;0,000332297597;0;2,07803124411735E-05;0;
33,6028191768724;0;0,000331210052;0;2,08712404761973E-05;0;
34,5911373879569;0;0,000330984005;0;2,09621064538971E-05;0;
35,5794555990414;0;0,000554329711;0;2,11142881617655E-05;0;
36,5677738101258;0;0,0040623004;0;2,22295230129366E-05;0;
37,5560920212103;0;0,000444151008;0;2,23514570489582E-05;0;
38,5444102322948;0;0,000330706869;0;2,24422469437259E-05;0;
39,5327284433793;0;0,000330780352;0;2,25330570119899E-05;0;
40,5210466544638;0;0,000331852501;0;2,262416142036E-05;0;
41,5093648655483;0;0,000330855235;0;2,27149920464664E-05;0;
42,4976830766327;0;0,000330810445;0;2,28058103762471E-05;0;
43,4860012877172;0;0,000331993168;0;2,28969534023276E-05;0;
44,4743194988017;0;0,00033066278;0;2,2987731193217E-05;0;
45,4626377098862;0;0,000331694338;0;2,30787921806501E-05;0;
46,4509559209707;0;0,000550719957;0;2,32299828925142E-05;0;
47,4392741320552;0;0,000330860833;0;2,33208150554554E-05;0;
48,4275923431396;0;0,000331660046;0;2,34118666286085E-05;0;
49,4159105542241;0;0,000330640385;0;2,3502638271335E-05;0;
50,4042287653086;0;0,000330742561;0;2,35934379647286E-05;0;
51,3925469763931;0;0,000332033759;0;2,36845921343715E-05;0;
52,3808651874776;0;0,000330796448;0;2,37754066215161E-05;0;
53,3691833985621;0;0,000331923185;0;2,38665304349652E-05;0;
54,3575016096465;0;0,000330483622;0;2,39572590411007E-05;0;
55,345819820731;0;0,000330560604;0;2,4048008781323E-05;0;
56,3341380318155;0;0,000554979859;0;2,4200368976166E-05;0;
57,3224562429;0;0,000330760757;0;2,42911736649591E-05;0;
58,3107744539845;0;0,000330581599;0;2,43819291689983E-05;0;
59,2990926650689;0;0,000331960976;0;2,44730633573178E-05;0;
60,2874108761534;0;0,000330977706;0;2,45639276057352E-05;0;
61,2757290872379;0;0,000332206618;0;2,46551292308497E-05;0;
62,2640472983224;0;0,000330967208;0;2,47459905972214E-05;0;
63,2523655094069;0;0,000331007799;0;2,48368631071555E-05;0;
64,2406837204914;0;0,000331753124;0;2,49279402332759E-05;0;
65,2290019315758;0;0,000330872731;0;2,50187756626088E-05;0;
66,2173201426603;0;0,000549327283;0;2,51695840397295E-05;0;
67,2056383537448;0;0,000331940681;0;2,52607126564051E-05;0;
68,1939565648293;0;0,00033079015;0;2,53515254145418E-05;0;
69,1822747759137;0;0,000332016963;0;2,54426749731312E-05;0;
70,1705929869982;0;0,000330991003;0;2,55335428720118E-05;0;
71,1589111980827;0;0,000330922419;0;2,56243919423323E-05;0;
72,1472294091672;0;0,000332205219;0;2,57155931833754E-05;0;
73,1355476202516;0;0,000330742561;0;2,5806392876769E-05;0;
74,1238658313361;0;0,000330823742;0;2,58972148570128E-05;0;
75,1121840424206;0;0,000332003666;0;2,59883607651391E-05;0;
76,1005022535051;0;0,000554054676;0;2,61404669668689E-05;0;
77,0888204645895;0;0,000332387176;0;2,62317181610833E-05;0;
78,077138675674;0;0,00033078945;0;2,6322530727047E-05;0;
79,0654568867585;0;0,000330784551;0;2,64133419480745E-05;0;
80,053775097843;0;0,00033172863;0;2,65044123497875E-05;0;
81,0420933089274;0;0,000330582299;0;2,65951680459997E-05;0;
82,0304115200119;0;0,000330707569;0;2,66859581329403E-05;0;
83,0187297310964;0;0,0003318595;0;2,67770644627657E-05;0;
84,0070479421809;0;0,000330862233;0;2,68678970100529E-05;0;
84,9953661532654;0;0,000332210817;0;2,69590997879308E-05;0;
85,9836843643498;0;0,000555219203;0;2,7111525690561E-05;0;
86,9720025754343;0;0,000330942714;0;2,72023803325254E-05;0;
87,9603207865188;0;0,000332108641;0;2,72935550597362E-05;0;
88,9486389976033;0;0,000331148466;0;2,73844661873808E-05;0;
89,9369572086877;0;0,000331096678;0;2,74753630975189E-05;0;
90,9252754197722;0;0,000332208718;0;2,75665652991523E-05;0;
91,9135936308567;0;0,000330762856;0;2,76573705641898E-05;0;
92,9019118419412;0;0,000332061752;0;2,77485324188305E-05;0;
93,8902300530256;0;0,000330685175;0;2,78393163578827E-05;0;
94,8785482641101;0;0,000330553605;0;2,79300641766497E-05;0;
95,8668664751946;0;0,000556273156;0;2,80827794239864E-05;0;
96,8551846862791;0;0,000331107876;0;2,81736794083432E-05;0;
97,8435028973635;0;0,000331138668;0;2,8264587846115E-05;0;
98,831821108448;0;0,000332623721;0;2,83559039796992E-05;0;
99,8201393195325;0;0,000331622255;0;2,84469451779818E-05;0;
100,808457530617;0;0,00033249915;0;2,8538227112736E-05;0;
101,796775741701;0;0,000331053288;0;2,86291121108943E-05;0;
102,785093952786;0;0,000331186957;0;2,87200338055823E-05;0;
103,77341216387;0;0,00033241167;0;2,88112917242039E-05;0;
104,761730374955;0;0,000331435399;0;2,89022816243789E-05;0;
105,750048586039;0;0,000556018416;0;2,90549269372208E-05;0;
106,738366797124;0;0,00033258383;0;2,91462321194156E-05;0;
107,726685008208;0;0,000331482988;0;2,92372350843337E-05;0;
108,715003219293;0;0,000332313693;0;2,93284661050517E-05;0;
109,703321430377;0;0,000331247143;0;2,94194043227729E-05;0;
110,691639641462;0;0,000331188357;0;2,95103264018069E-05;0;
111,679957852546;0;0,000332275902;0;2,96015470476544E-05;0;
112,668276063631;0;0,000330871331;0;2,96923820926414E-05;0;
113,656594274715;0;0,000330860833;0;2,97832142555826E-05;0;
114,6449124858;0;0,000331930183;0;2,98743399902125E-05;0;
115,633230696884;0;0,000555628607;0;3,00268782876841E-05;0;
116,621548907969;0;0,000332330489;0;3,01181139194555E-05;0;
117,609867119053;0;0,000330983305;0;3,02089797049823E-05;0;
118,598185330138;0;0,000331056088;0;3,02998654718325E-05;0;
119,586503541222;0;0,000331982671;0;3,03910056161419E-05;0;
120,574821752306;0;0,000331099478;0;3,04819032949719E-05;0;
121,563139963391;0;0,000330934316;0;3,05727556314096E-05;0;
122,551458174475;0;0,000332266804;0;3,06639737795574E-05;0;
123,53977638556;0;0,000331005;0;3,0754845521074E-05;0;
124,528094596644;0;0,000332357083;0;3,08460884537718E-05;0;
125,516412807729;0;0,000556286453;0;3,09988073515716E-05;0;
126,504731018813;0;0,000330925918;0;3,10896573824825E-05;0;
127,493049229898;0;0,000332104442;0;3,11808309569299E-05;0;
128,481367440982;0;0,000331159663;0;3,12717451585187E-05;0;
129,469685652067;0;0,000331604759;0;3,13627815535748E-05;0;
130,458003863151;0;0,000332776985;0;3,14541397631596E-05;0;
131,446322074236;0;0,000331522878;0;3,15451536791925E-05;0;
132,43464028532;0;0,000332420768;0;3,16364140955139E-05;0;
133,422958496405;0;0,000331058887;0;3,17273006307815E-05;0;
134,411276707489;0;0,000331316427;0;3,18182578692359E-05;0;
135,399594918574;0;0,00055775121;0;3,19713788909296E-05;0;
136,387913129658;0;0,0003310022;0;3,20622498637543E-05;0;
137,376231340743;0;0,00033104419;0;3,21531323642128E-05;0;
138,364549551827;0;0,000332264705;0;3,22443499361162E-05;0;
139,352867762912;0;0,000331192556;0;3,23352731679135E-05;0;
140,341185973996;0;0,000332206618;0;3,2426474793028E-05;0;
141,32950418508;0;0,000331194655;0;3,25173986010698E-05;0;
142,317822396165;0;0,000331189057;0;3,26083208722767E-05;0;
143,306140607249;0;0,00033219962;0;3,26995205762104E-05;0;
144,294458818334;0;0,000330944114;0;3,27903756025208E-05;0;
145,282777029418;0;0,000556516;0;3,29431575185097E-05;0;
146,271095240503;0;0,000332124737;0;3,3034336664601E-05;0;
147,259413451587;0;0,000330823742;0;3,31251586448448E-05;0;
148,247731662672;0;0,000332080648;0;3,32163256870579E-05;0;
149,236049873756;0;0,000330932217;0;3,33071774472512E-05;0;
150,224368084841;0;0,000330889527;0;3,33980174876376E-05;0;
151,212686295925;0;0,000332139434;0;3,3489200668538E-05;0;
152,20100450701;0;0,00033096231;0;3,35800606902479E-05;0;
153,189322718094;0;0,000331048389;0;3,36709443434698E-05;0;
154,177640929179;0;0,000332211517;0;3,37621473135207E-05;0;
155,165959140263;0;0,00055660138;0;3,39149526691231E-05;0;
156,154277351348;0;0,000332337488;0;3,40061902223499E-05;0;
157,142595562432;0;0,000331241544;0;3,40971269029618E-05;0;
158,130913773517;0;0,000331383611;0;3,41881025856302E-05;0;
159,119231984601;0;0,000332592928;0;3,42794102655248E-05;0;
160,107550195686;0;0,000331350719;0;3,43703769182591E-05;0;
161,09586840677;0;0,000331187657;0;3,44612988051201E-05;0;
162,084186617854;0;0,000332273803;0;3,45525188747232E-05;0;
163,072504828939;0;0,000331154765;0;3,46434317316501E-05;0;
164,060823040023;0;0,000332570533;0;3,47347332633818E-05;0;
165,049141251108;0;0,00055702478;0;3,48876548561872E-05;0;
166,037459462192;0;0,000331765022;0;3,49787352486992E-05;0;
167,025777673277;0;0,000332912053;0;3,50701305388852E-05;0;
168,014095884361;0;0,000331693638;0;3,51611913341452E-05;0;
169,002414095446;0;0,000331667744;0;3,52522450206521E-05;0;
169,99073230653;0;0,000332943546;0;3,53436489567006E-05;0;
170,979050517615;0;0,000331609658;0;3,54346866966931E-05;0;
171,967368728699;0;0,000332438964;0;3,5525952108414E-05;0;
172,955686939784;0;0,000331030194;0;3,56168307665109E-05;0;
173,944005150868;0;0,000331271637;0;3,57077757086395E-05;0;
174,932323361953;0;0,000558255092;0;3,58610350624879E-05;0;
175,920641573037;0;0,000331029494;0;3,59519135284119E-05;0;
176,908959784122;0;0,000331019696;0;3,60427893044631E-05;0;
177,897277995206;0;0,00033245366;0;3,61340587507186E-05;0;
178,885596206291;0;0,000331552272;0;3,62250807363697E-05;0;
179,873914417375;0;0,000332611124;0;3,63163934116637E-05;0;
180,86223262846;0;0,000331192556;0;3,64073166434611E-05;0;
181,850550839544;0;0,00033155857;0;3,649834035812E-05;0;
182,838869050628;0;0,000332743393;0;3,65896893455978E-05;0;
183,827187261713;0;0,000331444497;0;3,66806817434724E-05;0;
184,815505472797;0;0,000557175245;0;3,6833644643861E-05;0;
185,803823683882;0;0,000332432665;0;3,69249083262996E-05;0;
186,792141894966;0;0,00033138781;0;3,70158851617314E-05;0;
187,780460106051;0;0,000332567034;0;3,71071857328726E-05;0;
188,768778317135;0;0,000331289133;0;3,71981354782277E-05;0;
189,75709652822;0;0,000331667744;0;3,72891891647345E-05;0;
190,745414739304;0;0,000333188488;0;3,73806603454051E-05;0;
191,733732950389;0;0,000332056154;0;3,74718206632109E-05;0;
192,722051161473;0;0,000331856;0;3,75629260321714E-05;0;
193,710369372558;0;0,000333005831;0;3,76543470674977E-05;0;
194,698687583642;0;0,000557432785;0;3,7807380671073E-05;0;
195,687005794727;0;0,000332665711;0;3,78987083322909E-05;0;
196,675324005811;0;0,000331244344;0;3,79896457815948E-05;0;
197,663642216896;0;0,00033130033;0;3,8080598600894E-05;0;
198,65196042798;0;0,000332671309;0;3,81719277989468E-05;0;
199,640278639065;0;0,000331265339;0;3,82628710120676E-05;0;
200,628596850149;0;0,000331184858;0;3,83537921305112E-05;0;
201,616915061233;0;0,000332147132;0;3,84449774247653E-05;0;
202,605233272318;0;0,00033104769;0;3,85358608860888E-05;0;
203,593551483402;0;0,00033245646;0;3,86271311010362E-05;0;
204,581869694487;0;0,000557343206;0;3,87801401122346E-05;0;
205,570187905571;0;0,00033138851;0;3,88711171398393E-05;0;
206,558506116656;0;0,000332356383;0;3,89623598803641E-05;0;
207,54682432774;0;0,000331489286;0;3,90533645742899E-05;0;
208,535142538825;0;0,000331375213;0;3,91443379514316E-05;0;
209,523460749909;0;0,000332715399;0;3,92356792536371E-05;0;
210,511778960994;0;0,000331636952;0;3,93267244867288E-05;0;
211,500097172078;0;0,000332918352;0;3,94181215061971E-05;0;
212,488415383163;0;0,000331937881;0;3,95092493541808E-05;0;
213,476733594247;0;0,000332117039;0;3,96004263869183E-05;0;
214,465051805332;0;0,000559116591;0;3,97539222505307E-05;0;
215,453370016416;0;0,000332080648;0;3,98450892927438E-05;0;
216,441688227501;0;0,000331911287;0;3,99362098398012E-05;0;
217,430006438585;0;0,00033284207;0;4,00275859173557E-05;0;
218,41832464967;0;0,000331837105;0;4,01186860990182E-05;0;
219,406642860754;0;0,000332963841;0;4,02100956067107E-05;0;
220,394961071839;0;0,000331748226;0;4,03011713881692E-05;0;
221,383279282923;0;0,000331711834;0;4,03922371788288E-05;0;
222,371597494007;0;0,000332845569;0;4,04836142169736E-05;0;
223,359915705092;0;0,000331527077;0;4,05746292857699E-05;0;
224,348233916176;0;0,000557552457;0;4,07276957432388E-05;0;
225,336552127261;0;0,000332999533;0;4,08191150495573E-05;0;
226,324870338345;0;0,00033181681;0;4,09102096595759E-05;0;
227,31318854943;0;0,000332630719;0;4,10015277143408E-05;0;
228,301506760514;0;0,000331447996;0;4,10925210728059E-05;0;
229,289824971599;0;0,000331666345;0;4,11835743752413E-05;0;
230,278143182683;0;0,000332868663;0;4,12749577534475E-05;0;
231,266461393768;0;0,000331694338;0;4,13660187408805E-05;0;
232,254779604852;0;0,000331979871;0;4,1457158116498E-05;0;
233,243097815937;0;0,000333100309;0;4,15486050891376E-05;0;
234,231416027021;0;0,000558098329;0;4,17018214063949E-05;0;
235,219734238106;0;0,000333291364;0;4,17933208299056E-05;0;
236,20805244919;0;0,000332091145;0;4,18844907538899E-05;0;
237,196370660275;0;0,000332117039;0;4,19756677866274E-05;0;
238,184688871359;0;0,000333014229;0;4,20670911274805E-05;0;
239,173007082444;0;0,000332057553;0;4,21582518293577E-05;0;
240,161325293528;0;0,000332264705;0;4,22494694012611E-05;0;
241,149643504613;0;0,000333157696;0;4,23409321285166E-05;0;
242,137961715697;0;0,000332378078;0;4,24321808250312E-05;0;
243,126279926781;0;0,000333450227;0;4,25237238616518E-05;0;
244,114598137866;0;0,000558395759;0;4,26770218332107E-05;0;
245,10291634895;0;0,000331916186;0;4,27681437252045E-05;0;
246,091234560035;0;0,000332865164;0;4,28595261428203E-05;0;
247,079552771119;0;0,000331876995;0;4,29506372755976E-05;0;
248,067870982204;0;0,00033177272;0;4,30417197814635E-05;0;
249,056189193288;0;0,000332912753;0;4,31331152638224E-05;0;
250,044507404373;0;0,000331790916;0;4,32242027650877E-05;0;
251,032825615457;0;0,000333168893;0;4,33156685662874E-05;0;
252,021143826542;0;0,00033194138;0;4,34067973748614E-05;0;
253,009462037626;0;0,000331795814;0;4,34978862207886E-05;0;
253,997780248711;0;0,000559136186;0;4,3651387463872E-05;0;
254,986098459795;0;0,000332159729;0;4,37425762164163E-05;0;
255,97441667088;0;0,000331909188;0;4,38336961872293E-05;0;
256,962734881964;0;0,000333164694;0;4,39251608356655E-05;0;
257,951053093049;0;0,000332238811;0;4,40163712988156E-05;0;
258,939371304133;0;0,000333421534;0;4,41079064582656E-05;0;
259,927689515218;0;0,000332140134;0;4,4199089831339E-05;0;
260,916007726302;0;0,000332183524;0;4,42902851163922E-05;0;
261,904325937387;0;0,000333499216;0;4,4381841602102E-05;0;
262,892644148471;0;0,000332211517;0;4,44730445721528E-05;0;
263,880962359556;0;0,000558161314;0;4,46262781808609E-05;0;
264,86928057064;0;0,000333448128;0;4,47178206412371E-05;0;
265,857598781725;0;0,000332053354;0;4,4808980190351E-05;0;
266,845916992809;0;0,000333238877;0;4,49004652044566E-05;0;
267,834235203894;0;0,000332294798;0;4,49916910378767E-05;0;
268,822553414978;0;0,000332238811;0;4,50829015010268E-05;0;
269,810871626063;0;0,000333115006;0;4,51743525084755E-05;0;
270,799189837147;0;0,000332352884;0;4,52655942884098E-05;0;
271,787508048232;0;0,00033232769;0;4,53568291517639E-05;0;
272,775826259316;0;0,000333389341;0;4,54483554731782E-05;0;
273,764144470401;0;0,000558027646;0;4,56015523856311E-05;0;
274,752462681485;0;0,000333348751;0;4,56930675637577E-05;0;
275,74078089257;0;0,00033220102;0;4,57842676520374E-05;0;
276,729099103654;0;0,000332150631;0;4,58754539068819E-05;0;
277,717417314739;0;0,000333214382;0;4,59669321963058E-05;0;
278,705735525823;0;0,000332258406;0;4,60581480389268E-05;0;
279,694053736908;0;0,000332316493;0;4,61493798283367E-05;0;
280,682371947992;0;0,000333333354;0;4,62408907794812E-05;0;
281,670690159077;0;0,000332016963;0;4,63320403380706E-05;0;
282,659008370161;0;0,000333245875;0;4,64235272733571E-05;0;
283,647326581246;0;0,00055826419;0;4,65767891249052E-05;0;
284,63564479233;0;0,000332294798;0;4,66680149583252E-05;0;
285,623963003415;0;0,000333261271;0;4,67595061203192E-05;0;
286,612281214499;0;0,000332185623;0;4,68507019816168E-05;0;
287,600599425584;0;0,000332401173;0;4,69419570184673E-05;0;
288,588917636668;0;0,000333455826;0;4,70335015921973E-05;0;
289,577235847753;0;0,00033241097;0;4,7124759318646E-05;0;
290,565554058837;0;0,000332781884;0;4,72161188731672E-05;0;
291,553872269922;0;0,000333262671;0;4,73076104195072E-05;0;
292,542190481006;0;0,000332524344;0;4,73988992708416E-05;0;
293,530508692091;0;0,000559681358;0;4,75525501815405E-05;0;
294,518826903175;0;0,000332444563;0;4,76438171303708E-05;0;
295,50714511426;0;0,000332380178;0;4,77350664034043E-05;0;
296,495463325344;0;0,000333676974;0;4,7826671689522E-05;0;
297,483781536429;0;0,000332212917;0;4,79178750439189E-05;0;
298,472099747513;0;0,00033237038;0;4,80091216270797E-05;0;
299,460417958598;0;0,000333514612;0;4,81006823394971E-05;0;
300,448736169682;0;0,000332146432;0;4,81918674415783E-05;0;
301,437054380767;0;0,000333729462;0;4,82834871373755E-05;0;
302,425372591851;0;0,000332695104;0;4,83748228679371E-05;0;
303,413690802936;0;0,000558625306;0;4,8528183857685E-05;0;
304,40200901402;0;0,000333698669;0;4,86197950997926E-05;0;
305,390327225105;0;0,000332521545;0;4,87110831827097E-05;0;
306,378645436189;0;0,000332576832;0;4,88023864437237E-05;0;
307,366963647274;0;0,000333473322;0;4,88939358206802E-05;0;
308,355281858358;0;0,000332366181;0;4,89851812510777E-05;0;
309,343600069443;0;0,000333811343;0;4,90768234258981E-05;0;
310,331918280527;0;0,000332439664;0;4,9168089029792E-05;0;
311,320236491612;0;0,000332232512;0;4,92592977636597E-05;0;
312,308554702696;0;0,000333419434;0;4,93508323465908E-05;0;
313,296872913781;0;0,000558670795;0;4,95042058245629E-05;0;
314,285191124865;0;0,000332616022;0;4,95955198445187E-05;0;
315,27350933595;0;0,000333671375;0;4,96871235935271E-05;0;
316,261827547034;0;0,000332357083;0;4,97783665262248E-05;0;
317,250145758119;0;0,000333548904;0;4,98699366529221E-05;0;
318,238463969203;0;0,000332399773;0;4,99611913054267E-05;0;
319,226782180288;0;0,000332249308;0;5,00524046503479E-05;0;
320,215100391372;0;0,000333485919;0;5,01439574855946E-05;0;
321,203418602457;0;0,000332206618;0;5,02351591107091E-05;0;
322,191736813541;0;0,000332297597;0;5,03263857125465E-05;0;
323,180055024626;0;0,000559451812;0;5,04799736053309E-05;0;
324,16837323571;0;0,000332393475;0;5,05712265288276E-05;0;
325,156691446795;0;0,000333632884;0;5,06628197107926E-05;0;
326,145009657879;0;0,000332353584;0;5,07540616828999E-05;0;
327,133327868964;0;0,000332418669;0;5,08453215229769E-05;0;
328,121646080048;0;0,000333747657;0;5,09369462138991E-05;0;
329,109964291133;0;0,000332318592;0;5,10281785795534E-05;0;
330,098282502217;0;0,000332189122;0;5,11193754014414E-05;0;
331,086600713302;0;0,000333344552;0;5,12108894268045E-05;0;
332,074918924386;0;0,000332012764;0;5,13020378326306E-05;0;
333,063237135471;0;0,000558945131;0;5,14554866248429E-05;0;
334,051555346555;0;0,000331889593;0;5,15466012161849E-05;0;
335,03987355764;0;0,00033215483;0;5,16377886237929E-05;0;
336,028191768724;0;0,000333089112;0;5,17292325224883E-05;0;
337,016509979809;0;0,000332001566;0;5,18203778540956E-05;0;
338,004828190893;0;0,000331982671;0;5,1911517998405E-05;0;
338,993146401978;0;0,000332954743;0;5,20029250083978E-05;0;
339,981464613062;0;0,000331856;0;5,20940303773582E-05;0;
340,969782824147;0;0,000333277368;0;5,21855259585073E-05;0;
341,958101035231;0;0,000332231812;0;5,22767345002021E-05;0;
342,946419246316;0;0,000558343972;0;5,2430018254529E-05;0;
343,934737457401;0;0,000333460725;0;5,25215641731953E-05;0;
344,923055668485;0;0,000332047056;0;5,26127219933014E-05;0;
345,91137387957;0;0,000332245809;0;5,27039343776323E-05;0;
346,899692090654;0;0,000333252173;0;5,27954230419266E-05;0;
347,888010301739;0;0,000332054754;0;5,28865829753864E-05;0;
348,876328512823;0;0,000333114306;0;5,29780337906621E-05;0;
349,864646723908;0;0,000332022561;0;5,30691848860863E-05;0;
350,852964934992;0;0,000332068051;0;5,31603484700093E-05;0;
351,841283146077;0;0,000333019828;0;5,32517733479717E-05;0;
352,829601357161;0;0,000557974458;0;5,34049556585721E-05;0;
353,817919568246;0;0,000331956777;0;5,34960886941282E-05;0;
354,80623777933;0;0,000333275268;0;5,35875836987583E-05;0;
355,794555990415;0;0,000332130336;0;5,3678764381959E-05;0;
356,782874201499;0;0,000333083513;0;5,37702067435451E-05;0;
357,771192412584;0;0,000331809111;0;5,38612992399353E-05;0;
358,759510623668;0;0,000331848302;0;5,3952402495542E-05;0;
359,747828834753;0;0,000332742693;0;5,40437512908468E-05;0;
360,736147045837;0;0,000332135935;0;5,41349335111568E-05;0;
361,724465256922;0;0,000332314393;0;5,42261647240478E-05;0;
362,712783468006;0;0,000559596678;0;5,4379792387306E-05;0;
363,701101679091;0;0,00033211494;0;5,44709688437992E-05;0;
364,689419890175;0;0,000333247275;0;5,45624561634316E-05;0;
365,67773810126;0;0,000332252807;0;5,46536704689433E-05;0;
366,666056312344;0;0,000332375979;0;5,47449185892135E-05;0;
367,654374523429;0;0,000333340353;0;5,48364314618133E-05;0;
368,642692734513;0;0,000332176525;0;5,49276248254111E-05;0;
369,631010945598;0;0,00033241307;0;5,50188831283787E-05;0;
370,619329156682;0;0,000333476821;0;5,51104334659256E-05;0;
371,607647367767;0;0,000332428466;0;5,52016959956008E-05;0;
372,595965578851;0;0,000559512698;0;5,53553006035915E-05;0;
373,584283789936;0;0,000332161129;0;5,54464897404818E-05;0;
374,57260200102;0;0,000332279401;0;5,55377113469197E-05;0;
375,560920212105;0;0,000333426433;0;5,56292478513061E-05;0;
376,549238423189;0;0,000332466258;0;5,57205207561262E-05;0;
377,537556634274;0;0,000332361282;0;5,58117648415873E-05;0;
378,525874845358;0;0,000333754656;0;5,59033914539648E-05;0;
379,514193056443;0;0,000332529243;0;5,59946816502357E-05;0;
380,502511267527;0;0,00033378055;0;5,60863153713665E-05;0;
381,490829478612;0;0,000332364081;0;5,6177560225245E-05;0;
382,479147689696;0;0,000558559521;0;5,63309031548502E-05;0;
383,467465900781;0;0,000333384443;0;5,64224281316028E-05;0;
384,455784111865;0;0,000332098144;0;5,65135999770424E-05;0;
385,44410232295;0;0,000332144333;0;5,66047845028792E-05;0;
386,432420534034;0;0,000333281567;0;5,66962812367916E-05;0;
387,420738745119;0;0,000332276602;0;5,67875020748121E-05;0;
388,409056956203;0;0,000333504814;0;5,68790600973567E-05;0;
389,397375167288;0;0,000332306695;0;5,69702891968939E-05;0;
390,385693378372;0;0,000332408171;0;5,70615461549252E-05;0;
391,374011589457;0;0,000333641282;0;5,71531416424169E-05;0;
392,362329800541;0;0,000558502834;0;5,73064690095793E-05;0;
393,350648011626;0;0,000332408871;0;5,73977261597835E-05;0;
394,33896622271;0;0,000333493617;0;5,74892811083839E-05;0;
395,327284433795;0;0,000332124038;0;5,75804600625768E-05;0;
396,315602644879;0;0,000333257772;0;5,76719502639804E-05;0;
397,303920855964;0;0,000332215716;0;5,77631543867947E-05;0;
398,292239067048;0;0,00033232699;0;5,78543890579758E-05;0;
399,280557278133;0;0,000333404038;0;5,79459194141992E-05;0;
400,268875489217;0;0,000332118439;0;5,80370968312827E-05;0;
401,257193700302;0;0,000332287099;0;5,81283205510745E-05;0;
402,245511911386;0;0,000560517663;0;5,82822010549571E-05;0;
403,233830122471;0;0,000332424267;0;5,83734624318689E-05;0;
404,222148333555;0;0,000333542605;0;5,84650308292839E-05;0;
405,21046654464;0;0,000332533442;0;5,85563221783181E-05;0;
406,198784755724;0;0,000332677608;0;5,86476531056532E-05;0;
407,187102966809;0;0,000333777051;0;5,87392858661936E-05;0;
408,175421177893;0;0,000332554437;0;5,88305829790447E-05;0;
409,163739388978;0;0,00033339704;0;5,89221114140874E-05;0;
410,152057600062;0;0,000333214382;0;5,90135897035113E-05;0;
411,140375811147;0;0,00033262512;0;5,91049062211669E-05;0;
412,128694022231;0;0,000561151714;0;5,92589607928689E-05;0;
413,117012233316;0;0,000332760889;0;5,93503145835732E-05;0;
414,1053304444;0;0,000332861665;0;5,94416960405986E-05;0;
415,093648655485;0;0,000334052086;0;5,95334043072776E-05;0;
416,081966866569;0;0,000332618822;0;5,96247190959254E-05;0;
417,070285077654;0;0,000334170359;0;5,97164598324266E-05;0;
418,058603288738;0;0,000332860965;0;5,98078410972791E-05;0;
419,046921499823;0;0,000332971539;0;5,98992527183253E-05;0;
420,035239710907;0;0,000334262037;0;5,99910186234479E-05;0;
421,023557921992;0;0,000332978538;0;6,00824321659495E-05;0;
422,011876133076;0;0,000560370697;0;6,02362723228393E-05;0;
423,000194344161;0;0,000334147964;0;6,03280069111776E-05;0;
423,988512555245;0;0,000333042922;0;6,04194381292013E-05;0;
424,97683076633;0;0,000334070982;0;6,05111515834528E-05;0;
425,965148977414;0;0,000332844869;0;6,06025284294247E-05;0;
426,953467188499;0;0,000332902955;0;6,06939212219109E-05;0;
427,941785399583;0;0,00033416406;0;6,07856602291298E-05;0;
428,930103610668;0;0,00033292605;0;6,08770593619518E-05;0;
429,918421821752;0;0,000332648215;0;6,09683822199433E-05;0;
430,906740032837;0;0,000333812042;0;6,10600245866621E-05;0;
431,895058243921;0;0,000560338505;0;6,12138559057908E-05;0;
432,883376455006;0;0,000334220747;0;6,13056104754526E-05;0;
433,87169466609;0;0,000332787482;0;6,13969715668086E-05;0;
434,860012877175;0;0,000332655913;0;6,14882965381538E-05;0;
435,848331088259;0;0,000333851933;0;6,15799498562621E-05;0;
436,836649299344;0;0,000332716799;0;6,16712915428136E-05;0;
437,824967510428;0;0,000332780484;0;6,17626507129888E-05;0;
438,813285721513;0;0,000333860331;0;6,18543063366238E-05;0;
439,801603932597;0;0,000332466258;0;6,19455792414439E-05;0;
440,789922143682;0;0,000333733661;0;6,20372000900045E-05;0;
441,778240354766;0;0,000559899707;0;6,21909109446737E-05;0;
442,766558565851;0;0,000332575432;0;6,22822138213417E-05;0;
443,754876776935;0;0,000333856132;0;6,23738682922133E-05;0;
444,74319498802;0;0,000332683907;0;6,24652009488308E-05;0;
445,731513199104;0;0,000332438964;0;6,25564663605517E-05;0;
446,719831410189;0;0,000333208084;0;6,26479429209677E-05;0;
447,708149621273;0;0,000331962375;0;6,27390774933587E-05;0;
448,696467832358;0;0,000333287165;0;6,28305757641059E-05;0;
449,684786043442;0;0,000332206618;0;6,29217773892204E-05;0;
450,673104254527;0;0,000331992468;0;6,3012920223128E-05;0;
451,661422465611;0;0,000560178242;0;6,31667075448008E-05;0;
452,649740676696;0;0,000331657947;0;6,32577585417094E-05;0;
453,63805888778;0;0,000331876995;0;6,33488696744867E-05;0;
454,626377098865;0;0,000333184989;0;6,34403398945669E-05;0;
455,614695309949;0;0,000332100943;0;6,35315125084239E-05;0;
456,603013521034;0;0,000333133201;0;6,36229685109976E-05;0;
457,591331732118;0;0,000332040757;0;6,37141246018213E-05;0;
458,579649943203;0;0,000332287099;0;6,3805348321613E-05;0;
459,567968154287;0;0,000333280167;0;6,38968446711795E-05;0;
460,556286365372;0;0,00033211214;0;6,39880203589807E-05;0;
461,544604576456;0;0,000559532293;0;6,41416303464423E-05;0;
462,532922787541;0;0,000333557302;0;6,42332027786664E-05;0;
463,521240998626;0;0,000332511747;0;6,43244881717107E-05;0;
464,50955920971;0;0,000333575498;0;6,44160655993343E-05;0;
465,497877420795;0;0,000332210117;0;6,45072681850392E-05;0;
466,486195631879;0;0,000332210117;0;6,45984707707441E-05;0;
467,474513842964;0;0,000333376044;0;6,46899934416954E-05;0;
468,462832054048;0;0,000332195421;0;6,47811919928657E-05;0;
469,451150265133;0;0,000332291298;0;6,48724168654208E-05;0;
470,439468476217;0;0,000333474022;0;6,49639664345503E-05;0;
471,427786687302;0;0,000559696755;0;6,51176215722312E-05;0;
472,416104898386;0;0,000333419434;0;6,52091561551622E-05;0;
473,404423109471;0;0,000332245809;0;6,53003685394931E-05;0;
474,392741320555;0;0,000332342387;0;6,53916074376563E-05;0;
475,38105953164;0;0,000333360648;0;6,54831258819E-05;0;
476,369377742724;0;0,000332049855;0;6,55742844704234E-05;0;
477,357695953809;0;0,000331923185;0;6,56654082838725E-05;0;
478,346014164893;0;0,000333301862;0;6,57569105894289E-05;0;
479,334332375978;0;0,000332174426;0;6,58481033767823E-05;0;
480,322650587062;0;0,000333364847;0;6,59396229737894E-05;0;
481,310968798147;0;0,000559600177;0;6,60932515976381E-05;0;
482,299287009231;0;0,000332436165;0;6,61845162409416E-05;0;
483,287605220316;0;0,000333380244;0;6,62760400649307E-05;0;
484,2759234314;0;0,000332420768;0;6,63673004812521E-05;0;
485,264241642485;0;0,000332415169;0;6,64585593604642E-05;0;
486,252559853569;0;0,000333469823;0;6,65501077768303E-05;0;
487,240878064654;0;0,000332324191;0;6,6641341679594E-05;0;
488,229196275738;0;0,000333728762;0;6,67329611832182E-05;0;
489,217514486823;0;0,000332364081;0;6,68242060370968E-05;0;
490,205832697907;0;0,000332049155;0;6,69153644334472E-05;0;
491,194150908992;0;0,000560619139;0;6,7069272795824E-05;0;
492,182469120076;0;0,000331924584;0;6,71603969933445E-05;0;
493,170787331161;0;0,000331955377;0;6,72515296445546E-05;0;
494,159105542245;0;0,000333105908;0;6,73429781543036E-05;0;
495,14742375333;0;0,000331825907;0;6,74340752617474E-05;0;
496,135741964414;0;0,000332830872;0;6,75254482650831E-05;0;
497,124060175499;0;0,000331866498;0;6,76165565160893E-05;0;
498,112378386583;0;0,000332233912;0;6,77077656343031E-05;0;
499,100696597668;0;0,000333431332;0;6,77993034836258E-05;0;
500,089014808752;0;0,000332260506;0;6,78905199027658E-05;0;
501,077333019837;0;0,000559976689;0;6,80442518915217E-05;0;
502,065651230921;0;0,000333716865;0;6,81358681290288E-05;0;
503,053969442006;0;0,000332674109;0;6,82271980957735E-05;0;
504,04228765309;0;0,000333620987;0;6,83187880116213E-05;0;
505,030605864175;0;0,000332489352;0;6,84100672565028E-05;0;
506,018924075259;0;0,000332701402;0;6,85014047160722E-05;0;
507,007242286344;0;0,000333667176;0;6,85930073123172E-05;0;
507,995560497428;0;0,0003322829;0;6,86842298793455E-05;0;
508,983878708513;0;0,000332437564;0;6,87754949067205E-05;0;
509,972196919597;0;0,000333464924;0;6,88670419781502E-05;0;
510,960515130682;0;0,000559982288;0;6,90207755040155E-05;0;
511,948833341766;0;0,000333169593;0;6,91122414973882E-05;0;
512,937151552851;0;0,000332726597;0;6,92035858738124E-05;0;
513,925469763935;0;0,000332665011;0;6,92949133428574E-05;0;
514,91378797502;0;0,000333578997;0;6,93864917310714E-05;0;
515,902106186104;0;0,000332416569;0;6,94777509946294E-05;0;
516,890424397188;0;0,000332359183;0;6,95689945038461E-05;0;
517,878742608273;0;0,000333558702;0;6,96605673204162E-05;0;
518,867060819357;0;0,000332257706;0;6,97517829708642E-05;0;
519,855379030442;0;0,000332361282;0;6,98430270563253E-05;0;
520,843697241526;0;0,000560546356;0;6,99969154373786E-05;0;
521,832015452611;0;0,000332383677;0;7,00881656710026E-05;0;
522,820333663695;0;0,000333358549;0;7,01796835390019E-05;0;
523,80865187478;0;0,000332525044;0;7,02709725825093E-05;0;
524,796970085864;0;0,000332482354;0;7,036224990621E-05;0;
525,785288296948;0;0,000333373945;0;7,04537720009168E-05;0;
526,773606508033;0;0,000332211517;0;7,05449749709677E-05;0;
527,761924719117;0;0,000332553737;0;7,06362718916459E-05;0;
528,750242930202;0;0,000333637083;0;7,07278662263742E-05;0;
529,738561141286;0;0,000332561435;0;7,08191652604061E-05;0;
530,726879352371;0;0,000561132819;0;7,09732146448102E-05;0;
531,715197563455;0;0,000332220615;0;7,10644201125608E-05;0;
532,70351577454;0;0,000332175826;0;7,11556132842602E-05;0;
533,691833985624;0;0,000333475421;0;7,12471632374612E-05;0;
534,680152196708;0;0,000332593628;0;7,13384711095287E-05;0;
535,668470407793;0;0,000332695804;0;7,14298070322633E-05;0;
536,656788618877;0;0,000333604191;0;7,15213923370576E-05;0;
537,645106829962;0;0,000332491452;0;7,1612672158458E-05;0;
538,633425041046;0;0,000333194087;0;7,17041448762379E-05;0;
539,621743252131;0;0,000332087646;0;7,17953138396318E-05;0;
540,610061463215;0;0,000559671561;0;7,19489620607325E-05;0;
541,5983796743;0;0,000333427832;0;7,20404989491903E-05;0;
542,586697885384;0;0,000332266104;0;7,21317169051651E-05;0;
543,575016096469;0;0,000332209418;0;7,22229192989715E-05;0;
544,563334307553;0;0,000333142999;0;7,23143779914179E-05;0;
545,551652518637;0;0,000332405372;0;7,24056341810318E-05;0;
546,539970729722;0;0,000333576198;0;7,24972118008284E-05;0;
547,528288940806;0;0,000332334688;0;7,25884485853632E-05;0;
548,516607151891;0;0,000332399773;0;7,26797032378677E-05;0;
549,504925362975;0;0,000333538406;0;7,27712704825194E-05;0;
550,49324357406;0;0,000559828324;0;7,29249617402111E-05;0;
551,481561785144;0;0,000332491452;0;7,30162415616115E-05;0;
552,469879996229;0;0,000333648981;0;7,31078391627315E-05;0;
553,458198207313;0;0,000332804278;0;7,3199204865141E-05;0;
554,446516418397;0;0,000333998199;0;7,32908983380691E-05;0;
555,434834629482;0;0,000332665711;0;7,33822259992871E-05;0;
556,423152840566;0;0,000332866564;0;7,34736088012488E-05;0;
557,411471051651;0;0,000333959708;0;7,35652917071335E-05;0;
558,399789262735;0;0,000332751791;0;7,3656643000138E-05;0;
559,38810747382;0;0,00033301003;0;7,37480651882277E-05;0;
560,376425684904;0;0,000561827056;0;7,39023051634846E-05;0;
561,364743895989;0;0,000332976438;0;7,39937181294672E-05;0;
562,353062107073;0;0,000334266236;0;7,40854851873532E-05;0;
563,341380318157;0;0,000333078614;0;7,41769262040029E-05;0;
564,329698529242;0;0,000332964541;0;7,42683359038683E-05;0;
565,318016740326;0;0,000334138166;0;7,4360067802334E-05;0;
566,306334951411;0;0,000332861665;0;7,44514492593593E-05;0;
567,294653162495;0;0,000332486553;0;7,45427277358234E-05;0;
568,28297137358;0;0,00033373716;0;7,46343495449744E-05;0;
569,271289584664;0;0,000332704202;0;7,47256877732358E-05;0;
570,259607795749;0;0,000561173409;0;7,48797483009277E-05;0;
571,247926006833;0;0,000332578931;0;7,49710521381861E-05;0;
572,236244217917;0;0,000332471856;0;7,50623265798411E-05;0;
573,224562429002;0;0,000333728762;0;7,51539460834653E-05;0;
574,212880640086;0;0,000332651714;0;7,52452699020472E-05;0;
575,201198851171;0;0,000332574732;0;7,53365725865422E-05;0;
576,189517062255;0;0,000333708467;0;7,54281865185226E-05;0;
577,17783527334;0;0,000332431966;0;7,55194500090627E-05;0;
578,166153484424;0;0,000333623087;0;7,56110405014294E-05;0;
579,154471695509;0;0,000332577531;0;7,57023439543419E-05;0;
580,142789906593;0;0,000560327307;0;7,58561721992519E-05;0;
581,131108117678;0;0,000333986302;0;7,59478624060628E-05;0;
582,119426328762;0;0,000332831572;0;7,60392356015716E-05;0;
583,107744539846;0;0,000332717499;0;7,61305774802961E-05;0;
584,096062750931;0;0,000333696569;0;7,62221881458847E-05;0;
585,084380962015;0;0,00033254184;0;7,63134818004457E-05;0;
586,0726991731;0;0,000333597893;0;7,64050653762321E-05;0;
587,061017384184;0;0,00033237038;0;7,6496311959393E-05;0;
588,049335595269;0;0,000332458559;0;7,65875827505848E-05;0;
589,037653806353;0;0,000333938013;0;7,66792597004796E-05;0;
590,025972017438;0;0,000559857017;0;7,6832958835342E-05;0;
591,014290228522;0;0,000332614623;0;7,69242724712264E-05;0;
592,002608439606;0;0,000333966006;0;7,70159571061189E-05;0;
592,990926650691;0;0,000332920451;0;7,71073547018316E-05;0;
593,979244861775;0;0,000334082179;0;7,71990712300273E-05;0;
594,96756307286;0;0,000332894557;0;7,72904617169867E-05;0;
595,955881283944;0;0,000332891758;0;7,73818514355288E-05;0;
596,944199495029;0;0,000334327122;0;7,7473635208621E-05;0;
597,932517706113;0;0,000333230479;0;7,75651179171999E-05;0;
598,920835917198;0;0,000333300462;0;7,76566198384103E-05;0;
599,909154128282;0;0,000561687089;0;7,78108213881297E-05;0;
600,897472339366;0;0,000332907154;0;7,79022153333793E-05;0;
601,885790550451;0;0,000334194153;0;7,79939626021148E-05;0;
602,874108761535;0;0,00033301283;0;7,80853855588964E-05;0;
603,86242697262;0;0,000332956143;0;7,81767929532351E-05;0;
604,850745183704;0;0,000334152163;0;7,82685286943368E-05;0;
605,839063394789;0;0,000332975038;0;7,83599412759735E-05;0;
606,827381605873;0;0,000333024027;0;7,84513673066993E-05;0;
607,815699816958;0;0,000334267636;0;7,85431347489312E-05;0;
608,804018028042;0;0,000333129002;0;7,86345895987415E-05;0;
609,792336239126;0;0,000561537324;0;7,87887500330506E-05;0;
610,780654450211;0;0,000333000232;0;7,88801695312675E-05;0;
611,768972661295;0;0,000333147198;0;7,89716293764773E-05;0;
612,75729087238;0;0,00033424944;0;7,90633918233098E-05;0;
613,745609083464;0;0,000333071616;0;7,91548309187787E-05;0;
614,733927294549;0;0,000332856066;0;7,92462108386947E-05;0;
615,722245505633;0;0,000333963907;0;7,93378948973428E-05;0;
616,710563716718;0;0,000332818975;0;7,94292646345614E-05;0;
617,698881927802;0;0,000333924716;0;7,95209379339931E-05;0;
618,687200138887;0;0,00033279868;0;7,96123020995677E-05;0;
619,675518349971;0;0,000560237028;0;7,97661055599278E-05;0;
620,663836561055;0;0,000333966706;0;7,98577903869933E-05;0;
621,65215477214;0;0,000332772786;0;7,99491474438147E-05;0;
622,640472983224;0;0,000332853267;0;8,00405265953133E-05;0;
623,628791194309;0;0,00033395201;0;8,01322073878442E-05;0;
624,617109405393;0;0,000332810577;0;8,02235748195361E-05;0;
625,605427616478;0;0,000333810643;0;8,03152168021835E-05;0;
626,593745827562;0;0,000332735694;0;8,04065636760329E-05;0;
627,582064038647;0;0,000332806378;0;8,04979299549614E-05;0;
628,570382249731;0;0,000333959708;0;8,05896128608461E-05;0;
629,558700460815;0;0,000560343403;0;8,07434455246366E-05;0;
630,5470186719;0;0,000332772086;0;8,08348023892851E-05;0;
631,535336882984;0;0,00033377985;0;8,09264359182429E-05;0;
632,523655094069;0;0,000332715399;0;8,10177772204484E-05;0;
633,511973305153;0;0,000334026892;0;8,11094785705472E-05;0;
634,500291516238;0;0,000333017728;0;8,12009028719906E-05;0;
635,488609727322;0;0,000332900156;0;8,12922948960594E-05;0;
636,476927938407;0;0,000334007297;0;8,13839908666872E-05;0;
637,465246149491;0;0,000332758789;0;8,14753440808725E-05;0;
638,453564360575;0;0,000333516012;0;8,15669051776358E-05;0;
639,44188257166;0;0,000560719215;0;8,17208410141607E-05;0;
640,430200782744;0;0,000332744792;0;8,18121903857099E-05;0;
641,418518993829;0;0,000333802245;0;8,19038300628306E-05;0;
642,406837204913;0;0,000332823874;0;8,19952011449855E-05;0;
643,395155415998;0;0,000332963841;0;8,2086610652678E-05;0;
644,383473627082;0;0,000334186455;0;8,21783558080598E-05;0;
645,371791838167;0;0,000332954743;0;8,22697628180525E-05;0;
646,360110049251;0;0,000334241742;0;8,23615231515312E-05;0;
647,348428260335;0;0,000332734995;0;8,24528698334822E-05;0;
648,33674647142;0;0,000332858866;0;8,25442505220901E-05;0;
649,325064682504;0;0,000561378461;0;8,26983673432893E-05;0;
650,313382893589;0;0,000332734995;0;8,27897140252403E-05;0;
651,301701104673;0;0,000332548138;0;8,28810094088091E-05;0;
652,290019315758;0;0,000333928915;0;8,29726838610041E-05;0;
653,278337526842;0;0,000332774885;0;8,306404149407E-05;0;
654,266655737927;0;0,000333748357;0;8,31556663771651E-05;0;
655,254973949011;0;0,000332872862;0;8,32470509081347E-05;0;
656,243292160096;0;0,000332749691;0;8,33384016246203E-05;0;
657,23161037118;0;0,000333932414;0;8,34300770374057E-05;0;
658,219928582264;0;0,000332674809;0;8,35214071963234E-05;0;
659,208246793349;0;0,000560152348;0;8,36751874092429E-05;0;
660,196565004433;0;0,000333689571;0;8,37667961536507E-05;0;
661,184883215518;0;0,000332578231;0;8,38580997987362E-05;0;
662,173201426602;0;0,000333618188;0;8,39496889461666E-05;0;
663,161519637687;0;0,000332476755;0;8,40409647327579E-05;0;
664,149837848771;0;0,000332466258;0;8,4132237637578E-05;0;
665,138156059856;0;0,00033377775;0;8,42238705900169E-05;0;
666,12647427094;0;0,000332448062;0;8,43151384994375E-05;0;
667,114792482024;0;0,000332506848;0;8,44064225475455E-05;0;
668,103110693109;0;0,000333560801;0;8,449799594036E-05;0;
669,091428904193;0;0,000559768838;0;8,46516708671914E-05;0;
670,079747115278;0;0,000333754656;0;8,47432974795689E-05;0;
671,068065326362;0;0,000332816176;0;8,48346664483701E-05;0;
672,056383537447;0;0,00033288126;0;8,49260532848664E-05;0;
673,044701748531;0;0,000333724563;0;8,50176716357273E-05;0;
674,033019959616;0;0,000332648915;0;8,51089946858917E-05;0;
675,0213381707;0;0,000332524344;0;8,52002835372262E-05;0;
676,009656381784;0;0,000333627286;0;8,52918751823564E-05;0;
676,997974592869;0;0,000332654513;0;8,53831997693556E-05;0;
677,986292803953;0;0,000334049987;0;8,54749074597902E-05;0;
678,974611015038;0;0,000560342004;0;8,56287397395093E-05;0;
679,962929226122;0;0,000332595727;0;8,57200481878213E-05;0;
680,951247437207;0;0,00033360909;0;8,58116348375519E-05;0;
681,939565648291;0;0,000332215716;0;8,59028389603662E-05;0;
682,927883859376;0;0,000332252108;0;8,59940530739794E-05;0;
683,91620207046;0;0,000333509013;0;8,60856122492874E-05;0;
684,904520281544;0;0,000332143633;0;8,61767965829512E-05;0;
685,892838492629;0;0,000333465624;0;8,62683438465539E-05;0;
686,881156703713;0;0,000332476755;0;8,63596196331452E-05;0;
687,869474914798;0;0,000332450861;0;8,64508883109833E-05;0;
688,857793125882;0;0,00056104184;0;8,66049127186645E-05;0;
689,846111336967;0;0,000332154131;0;8,6696099934374E-05;0;
690,834429548051;0;0,000332180724;0;8,67872944507352E-05;0;
691,822747759136;0;0,000333739259;0;8,68789168361307E-05;0;
692,81106597022;0;0,00033249915;0;8,69701987708849E-05;0;
693,799384181305;0;0,000333459325;0;8,70617443052053E-05;0;
694,787702392389;0;0,000332511747;0;8,71530296982496E-05;0;
695,776020603473;0;0,000332663611;0;8,72443567829486E-05;0;
696,764338814558;0;0,000333555203;0;8,73359286389283E-05;0;
697,752657025642;0;0,000332097444;0;8,74271002921949E-05;0;
698,740975236727;0;0,000559943097;0;8,75808230588439E-05;0;
699,729293447811;0;0,000333756755;0;8,76724502474658E-05;0;
700,717611658896;0;0,000332380877;0;8,77636997123978E-05;0;
701,70592986998;0;0,000333313759;0;8,78552052840714E-05;0;
702,694248081065;0;0,00033262652;0;8,79465221860729E-05;0;
703,682566292149;0;0,000332662911;0;8,8037849078599E-05;0;
704,670884503233;0;0,000333800145;0;8,81294881792007E-05;0;
705,659202714318;0;0,000332458559;0;8,82207589703925E-05;0;
706,647520925402;0;0,000332296197;0;8,83119851878839E-05;0;
707,635839136487;0;0,000333492917;0;8,84035399443114E-05;0;
708,624157347571;0;0,000560153748;0;8,85573205415768E-05;0;
709,612475558656;0;0,000333654579;0;8,86489196795317E-05;0;
710,60079376974;0;0,000332727996;0;8,87402644400273E-05;0;
711,589111980825;0;0,000332988335;0;8,88316806721271E-05;0;
712,577430191909;0;0,000333936613;0;8,89233572376759E-05;0;
713,565748402993;0;0,000332634918;0;8,90146764452043E-05;0;
714,554066614078;0;0,000332420068;0;8,91059366693527E-05;0;
715,542384825162;0;0,0003335671;0;8,91975117914495E-05;0;
716,530703036247;0;0,000332520845;0;8,92887996821936E-05;0;
717,519021247331;0;0,000333541206;0;8,93803676955372E-05;0;
718,507339458416;0;0,000559942397;0;8,95340902700131E-05;0;
719,4956576695;0;0,000332233912;0;8,96252993882269E-05;0;
720,483975880585;0;0,000333320058;0;8,97168066891827E-05;0;
721,472294091669;0;0,000332082047;0;8,98079741154673E-05;0;
722,460612302753;0;0,000332088346;0;8,98991432710341E-05;0;
723,448930513838;0;0,000333285766;0;8,999064115771E-05;0;
724,437248724922;0;0,000332373879;0;9,00818887014612E-05;0;
725,425566936007;0;0,000333366947;0;9,01734088749873E-05;0;
726,413885147091;0;0,000332252807;0;9,02646231804989E-05;0;
727,402203358176;0;0,000332170927;0;9,0355815007262E-05;0;
728,39052156926;0;0,000560726914;0;9,05097529574151E-05;0;
729,378839780345;0;0,000331679642;0;9,06008099103136E-05;0;
730,367157991429;0;0,000331709035;0;9,06918749325558E-05;0;
731,355476202514;0;0,000332858866;0;9,07832556211638E-05;0;
732,343794413598;0;0,000331648849;0;9,08743041203726E-05;0;
733,332112624682;0;0,000333031025;0;9,09657320722792E-05;0;
734,320430835767;0;0,000331971473;0;9,10568691423699E-05;0;
735,308749046851;0;0,000332264705;0;9,11480867142732E-05;0;
736,297067257936;0;0,000333332655;0;9,12395974735192E-05;0;
737,28538546902;0;0,000332247909;0;9,13308104343691E-05;0;
738,273703680105;0;0,000559762539;0;9,14844836319181E-05;0;
739,262021891189;0;0,00033335225;0;9,15759997706351E-05;0;
740,250340102274;0;0,000332510347;0;9,16672847793334E-05;0;
741,238658313358;0;0,000333861031;0;9,17589405951414E-05;0;
742,226976524442;0;0,000332558636;0;9,18502388607559E-05;0;
743,215294735527;0;0,000332548138;0;9,19415342443247E-05;0;
744,203612946611;0;0,000333702868;0;9,20331466391957E-05;0;
745,191931157696;0;0,000332445262;0;9,21244137799244E-05;0;
746,18024936878;0;0,000332389276;0;9,22156655506577E-05;0;
747,168567579865;0;0,000333546805;0;9,23072351011106E-05;0;
748,156885790949;0;0,000560123655;0;9,24610074368594E-05;0;
749,145204002034;0;0,000333529309;0;9,25525721840859E-05;0;
750,133522213118;0;0,000332280801;0;9,26437941748698E-05;0;
751,121840424202;0;0,000332301796;0;9,27350219294706E-05;0;
752,110158635287;0;0,000333319358;0;9,28265290382535E-05;0;
753,098476846371;0;0,000332055454;0;9,29176891638863E-05;0;
754,086795057456;0;0,000331879095;0;9,30088008731826E-05;0;
755,07511326854;0;0,000333333354;0;9,31003118243271E-05;0;
756,063431479625;0;0,000332038658;0;9,31914673389064E-05;0;
757,051749690709;0;0,000333469123;0;9,32830155630995E-05;0;
758,040067901794;0;0,000559818526;0;9,34367041309185E-05;0;
759,028386112878;0;0,000332000866;0;9,35278492703528E-05;0;
760,016704323962;0;0,000333093311;0;9,36192943218116E-05;0;
761,005022535047;0;0,000331914087;0;9,37104156375609E-05;0;
761,993340746131;0;0,000331998067;0;9,38015600085779E-05;0;
762,981658957216;0;0,0003331388;0;9,38930175482609E-05;0;
763,9699771683;0;0,000332004366;0;9,39841636485601E-05;0;
764,958295379385;0;0,000332832972;0;9,40755372284148E-05;0;
765,946613590469;0;0,000331937881;0;9,41666650763985E-05;0;
766,934931801554;0;0,000331919685;0;9,42577879289826E-05;0;
767,923250012638;0;0,000560857783;0;9,44117618069735E-05;0;
768,911568223723;0;0,000332182824;0;9,45029568998537E-05;0;
769,899886434807;0;0,000332035158;0;9,45941114535681E-05;0;
770,888204645891;0;0,000333287165;0;9,46856097243154E-05;0;
771,876522856976;0;0,000332043556;0;9,47767665835565E-05;0;
772,86484106806;0;0,000333184289;0;9,48682366114637E-05;0;
773,853159279145;0;0,000332055454;0;9,49593967370965E-05;0;
774,841477490229;0;0,000331995268;0;9,5050540339696E-05;0;
775,829795701314;0;0,000333259172;0;9,51420309254456E-05;0;
776,818113912398;0;0,000332291998;0;9,52332559901737E-05;0;
777,806432123483;0;0,000559794032;0;9,53869378335854E-05;0;
778,794750334567;0;0,000333341753;0;9,54784510905311E-05;0;
779,783068545651;0;0,00033202746;0;9,55696035308917E-05;0;
780,771386756736;0;0,000333221381;0;9,56610837417709E-05;0;
781,75970496782;0;0,000332209418;0;9,57522861355773E-05;0;
782,748023178905;0;0,000332251408;0;9,58435000570176E-05;0;
783,736341389989;0;0,000333380244;0;9,59350238810067E-05;0;
784,724659601074;0;0,000332250008;0;9,6026237418101E-05;0;
785,712977812158;0;0,000332301796;0;9,61174651727018E-05;0;
786,701296023243;0;0,000333581796;0;9,62090443293332E-05;0;
787,689614234327;0;0,0005599326;0;9,63627642142109E-05;0;
788,677932445411;0;0,000333562901;0;9,64543381835444E-05;0;
789,666250656496;0;0,000332301096;0;9,65455657459722E-05;0;
790,65456886758;0;0,000332573332;0;9,66368680461213E-05;0;
791,642887078665;0;0,000333701468;0;9,67284800566463E-05;0;
792,631205289749;0;0,000332525044;0;9,68197691001538E-05;0;
793,619523500834;0;0,00033266991;0;9,69110979141351E-05;0;
794,607841711918;0;0,000333791747;0;9,700273470921E-05;0;
795,596159923003;0;0,000332704202;0;9,70940729374714E-05;0;
796,584478134087;0;0,000333859631;0;9,71857283689334E-05;0;
797,572796345171;0;0,000560381894;0;9,73395715997674E-05;0;
798,561114556256;0;0,000332829472;0;9,74309442187572E-05;0;
799,54943276734;0;0,000333795246;0;9,75225819744225E-05;0;
800,537750978425;0;0,000332393475;0;9,76138348979192E-05;0;
801,526069189509;0;0,000332547438;0;9,7705130089315E-05;0;
802,514387400594;0;0,000333814142;0;9,77967730325528E-05;0;
803,502705611678;0;0,000332311594;0;9,78880034770264E-05;0;
804,491023822763;0;0,000333591594;0;9,79795853235305E-05;0;
805,479342033847;0;0,000332439664;0;9,80708509274244E-05;0;
806,467660244931;0;0,000332361282;0;9,81620950128855E-05;0;
807,455978456016;0;0,000561234995;0;9,83161724479567E-05;0;
808,4442966671;0;0,000332597827;0;9,84074814727876E-05;0;
809,432614878185;0;0,00033266781;0;9,849880971025E-05;0;
810,420933089269;0;0,000333811343;0;9,85904518850704E-05;0;
811,409251300354;0;0,000332804278;0;9,86818175874799E-05;0;
812,397569511438;0;0,000334075881;0;9,87735323866678E-05;0;
813,385887722523;0;0,000332987635;0;9,88649484265946E-05;0;
814,374205933607;0;0,0003331395;0;9,89564061584506E-05;0;
815,362524144692;0;0,000334108073;0;9,90481297953995E-05;0;
816,350842355776;0;0,000332792381;0;9,91394922316919E-05;0;
817,33916056686;0;0,000560198537;0;9,92932851250086E-05;0;
818,327478777945;0;0,000333758155;0;9,93849126979765E-05;0;
819,315796989029;0;0,000332406072;0;9,94761690797633E-05;0;
820,304115200114;0;0,000333728062;0;9,95677883912146E-05;0;
821,292433411198;0;0,000332484453;0;9,96590662911597E-05;0;
822,280751622283;0;0,000332552337;0;9,97503628274918E-05;0;
823,269069833367;0;0,000333722463;0;9,98419806018337E-05;0;
824,257388044452;0;0,000332677608;0;9,99333115291688E-05;0;
825,245706255536;0;0,000332685306;0;0,000100024644569858;0;
826,23402446662;0;0,000334002398;0;0,000100116339195549;0;
827,222342677705;0;0,000560652731;0;0,000100270256780033;0;
828,210660888789;0;0,000333832338;0;0,00010036190471867;0;
829,198979099874;0;0,000332372479;0;0,000100453151878076;0;
830,187297310958;0;0,000332361282;0;0,000100544395963537;0;
831,175615522043;0;0,00033373646;0;0,000100636017580515;0;
832,163933733127;0;0,000332701402;0;0,000100727355040084;0;
833,152251944212;0;0,000332734995;0;0,000100818701722035;0;
834,140570155296;0;0,000333830938;0;0,000100910349276326;0;
835,12888836638;0;0,000332915552;0;0,000101001745527103;0;
836,117206577465;0;0,000333980003;0;0,000101093434004631;0;
837,105524788549;0;0,000560632436;0;0,000101247346017471;0;
838,093842999634;0;0,000332665711;0;0,000101338673678689;0;
839,082161210718;0;0,000334070982;0;0,000101430387132941;0;
840,070479421803;0;0,00033279588;0;0,000101521750529823;0;
841,058797632887;0;0,00033266851;0;0,000101613078959459;0;
842,047115843972;0;0,000333792447;0;0,000101704715946707;0;
843,035434055056;0;0,000332828773;0;0,000101796088373798;0;
844,02375226614;0;0,000334224246;0;0,00010188784390405;0;
845,012070477225;0;0,000333208784;0;0,000101979320656639;0;
846,000388688309;0;0,000333027526;0;0,000102070747647955;0;
846,988706899394;0;0,000561762671;0;0,000102224969947416;0;
847,977025110478;0;0,000333254273;0;0,000102316459188229;0;
848,965343321563;0;0,000333362748;0;0,000102407978208992;0;
849,953661532647;0;0,000334605657;0;0,000102499838449087;0;
850,941979743732;0;0,000333371845;0;0,000102591359967275;0;
851,930297954816;0;0,000334389407;0;0,000102683160839645;0;
852,918616165901;0;0,000333243076;0;0,000102774647006514;0;
853,906934376985;0;0,00033318219;0;0,000102866116458177;0;
854,895252588069;0;0,000334278833;0;0,000102957886974353;0;
855,883570799154;0;0,000333136001;0;0,000103049343745619;0;
856,871889010238;0;0,000560635935;0;0,000103203256719049;0;
857,860207221323;0;0,000334320123;0;0,000103295038570686;0;
858,848525432407;0;0,000333019828;0;0,000103386463448648;0;
859,836843643492;0;0,000334195553;0;0,00010347821110173;0;
860,825161854576;0;0,000333162594;0;0,000103569675173647;0;
861,813480065661;0;0,000333091211;0;0,000103661119648587;0;
862,801798276745;0;0,000334006597;0;0,000103752815427042;0;
863,790116487829;0;0,000332775585;0;0,000103844173252281;0;
864,778434698914;0;0,000332994634;0;0,000103935591213663;0;
865,766752909998;0;0,000334183655;0;0,000104027335600353;0;
866,755071121083;0;0,000560561052;0;0,00010418122801594;0;
867,743389332167;0;0,00033412277;0;0,000104272955687698;0;
868,731707543252;0;0,000332977138;0;0,000104364368845854;0;
869,720025754336;0;0,000333060418;0;0,000104455804867104;0;
870,708343965421;0;0,000334318724;0;0,00010454758633467;0;
871,696662176505;0;0,000332911353;0;0,000104638981432683;0;
872,684980387589;0;0,000333007231;0;0,000104730402852355;0;
873,673298598674;0;0,000334105274;0;0,000104822125720887;0;
874,661616809758;0;0,0003331402;0;0,000104913583644916;0;
875,649935020843;0;0,000334288631;0;0,000105005356850964;0;
876,638253231927;0;0,000560722715;0;0,000105159293648354;0;
877,626571443012;0;0,000333047122;0;0,000105250726019416;0;
878,614889654096;0;0,000334019194;0;0,000105342425256161;0;
879,603207865181;0;0,000332763688;0;0,000105433779815282;0;
880,591526076265;0;0,000333002332;0;0,000105525199890018;0;
881,579844287349;0;0,000334049987;0;0,000105616907580453;0;
882,568162498434;0;0,000332965941;0;0,000105708317664664;0;
883,556480709518;0;0,000334100375;0;0,00010580003918826;0;
884,544798920603;0;0,000332811977;0;0,000105891407004297;0;
885,533117131687;0;0,000332736394;0;0,00010598275407032;0;
886,521435342772;0;0,000561502332;0;0,000106136904898176;0;
887,509753553856;0;0,000332898756;0;0,000106228296537899;0;
888,498071764941;0;0,00033322488;0;0,000106319777709368;0;
889,486389976025;0;0,000334220747;0;0,00010641153227903;0;
890,47470818711;0;0,000333161895;0;0,000106502996159049;0;
891,463026398194;0;0,000334066083;0;0,000106594708268364;0;
892,451344609278;0;0,00033296734;0;0,000106686118736647;0;
893,439662820363;0;0,000332913453;0;0,000106777514411179;0;
894,427981031447;0;0,000334135367;0;0,000106869245541227;0;
895,416299242532;0;0,000332986936;0;0,000106960661389256;0;
896,404617453616;0;0,000560632436;0;0,000107114573402095;0;
897,392935664701;0;0,000333632185;0;0,000107206166392162;0;
898,381253875785;0;0,000332746192;0;0,000107297516148057;0;
899,36957208687;0;0,000333858232;0;0,000107389171195448;0;
900,357890297954;0;0,000332634218;0;0,000107480490210803;0;
901,346208509038;0;0,000332920451;0;0,000107571887806516;0;
902,334526720123;0;0,000333785449;0;0,000107663522872583;0;
903,322844931207;0;0,00033249915;0;0,000107754804807337;0;
904,311163142292;0;0,000332336788;0;0,000107846042168391;0;
905,299481353376;0;0,000333902321;0;0,00010793770931966;0;
906,287799564461;0;0,00055988781;0;0,000108091416908212;0;
907,276117775545;0;0,000333536307;0;0,000108182983576619;0;
908,26443598663;0;0,000332288499;0;0,000108274207680756;0;
909,252754197714;0;0,000332339587;0;0,000108365445810228;0;
910,241072408798;0;0,000333616788;0;0,000108457034573312;0;
911,229390619883;0;0,000332534841;0;0,000108548326306418;0;
912,217708830967;0;0,00033253904;0;0,000108639619192287;0;
913,206027042052;0;0,000333841436;0;0,000108731269628624;0;
914,194345253136;0;0,000332844169;0;0,000108822646282423;0;
915,182663464221;0;0,000333935214;0;0,0001089143224639;0;
916,170981675305;0;0,000560456077;0;0,000109068186060403;0;
917,15929988639;0;0,000332589429;0;0,000109159492779708;0;
918,147618097474;0;0,000333929615;0;0,000109251167424076;0;
919,135936308558;0;0,000332663611;0;0,000109342494508775;0;
920,124254519643;0;0,000332529943;0;0,000109433784897218;0;
921,112572730727;0;0,000333732261;0;0,000109525405361433;0;
922,100890941812;0;0,000332702802;0;0,000109616743205349;0;
923,089209152896;0;0,000333940812;0;0,000109708420923661;0;
924,077527363981;0;0,000332865164;0;0,000109799803341277;0;
925,065845575065;0;0,000332635618;0;0,000109891122740978;0;
926,05416378615;0;0,000561407854;0;0,000110045247631521;0;
927,042481997234;0;0,00033279938;0;0,000110136611989268;0;
928,030800208319;0;0,00033245506;0;0,00011022788181987;0;
929,019118419403;0;0,000333676274;0;0,000110319486913814;0;
930,007436630487;0;0,000332783283;0;0,000110410846852407;0;
930,995754841572;0;0,000333917018;0;0,000110502518038485;0;
931,984073052656;0;0,000332854667;0;0,00011059389757433;0;
932,972391263741;0;0,000332942846;0;0,000110685301318205;0;
933,960709474825;0;0,000334124169;0;0,000110777029374035;0;
934,94902768591;0;0,000333033125;0;0,00011086845790246;0;
935,937345896994;0;0,000560554054;0;0,000111022348396867;0;
936,925664108079;0;0,000334321523;0;0,00011111413063285;0;
937,913982319163;0;0,000332717499;0;0,000111205472511575;0;
938,902300530247;0;0,000333599992;0;0,000111297056663606;0;
939,890618741332;0;0,000332436864;0;0,000111388321498807;0;
940,878936952416;0;0,000332494251;0;0,000111479602088625;0;
941,867255163501;0;0,000333489418;0;0,000111571155884462;0;
942,855573374585;0;0,000332417269;0;0,000111662415340193;0;
943,84389158567;0;0,000332514546;0;0,000111753701501655;0;
944,832209796754;0;0,000333739259;0;0,000111845323887051;0;
945,820528007839;0;0,000560291616;0;0,000111999142333609;0;
946,808846218923;0;0,0003339912;0;0,000112090833885082;0;
947,797164430007;0;0,000332590129;0;0,000112182140796559;0;
948,785482641092;0;0,000332725897;0;0,00011227348498081;0;
949,773800852176;0;0,00033369447;0;0,000112365095070154;0;
950,762119063261;0;0,000332723797;0;0,000112456438677887;0;
951,750437274345;0;0,000332604125;0;0,000112547749431725;0;
952,73875548543;0;0,000333674175;0;0,000112639353949426;0;
953,727073696514;0;0,000332469057;0;0,000112730627622663;0;
954,715391907599;0;0,000333946411;0;0,000112822306878085;0;
955,703710118683;0;0,000560065569;0;0,000112976063267319;0;
956,692028329767;0;0,000332543239;0;0,000113067357305952;0;
957,680346540852;0;0,000333706367;0;0,000113158970661413;0;
958,668664751936;0;0,000332329789;0;0,000113250206101012;0;
959,656982963021;0;0,000332258406;0;0,000113341421943633;0;
960,645301174105;0;0,000333446028;0;0,00011343296382749;0;
961,63361938519;0;0,000332587329;0;0,000113524269970275;0;
962,621937596274;0;0,00033382184;0;0,000113615915026867;0;
963,610255807359;0;0,000332810577;0;0,000113707282458559;0;
964,598574018443;0;0,000332701402;0;0,000113798619918128;0;
965,586892229528;0;0,000561386859;0;0,000113952739044854;0;
966,575210440612;0;0,000332442463;0;0,000114044005417165;0;
967,563528651696;0;0,000332593628;0;0,000114135313289233;0;
968,551846862781;0;0,00033373646;0;0,000114226934906211;0;
969,540165073865;0;0,000332902255;0;0,000114318327506524;0;
970,52848328495;0;0,000334003098;0;0,000114410022324388;0;
971,516801496034;0;0,000332765088;0;0,000114501377267856;0;
972,505119707119;0;0,000332703502;0;0,000114592715303944;0;
973,493437918203;0;0,000333813442;0;0,000114684358055009;0;
974,481756129288;0;0,00033249635;0;0,000114775639221072;0;
975,470074340372;0;0,000560226531;0;0,00011492943979966;0;
976,458392551456;0;0,000333681873;0;0,000115021046430714;0;
977,446710762541;0;0,000332408171;0;0,000115112303388746;0;
978,435028973625;0;0,00033361049;0;0,000115203890422822;0;
979,42334718471;0;0,000332632119;0;0,000115295208861933;0;
980,411665395794;0;0,00033241307;0;0,000115386467164901;0;
981,399983606879;0;0,000333497116;0;0,000115478023074092;0;
982,388301817963;0;0,000332512447;0;0,000115569308659309;0;
983,376620029048;0;0,000332309494;0;0,000115660538527264;0;
984,364938240132;0;0,000333515312;0;0,000115752099431854;0;
985,353256451216;0;0,00055988851;0;0,000115905807212579;0;
986,341574662301;0;0,00033360979;0;0,000115997394054483;0;
987,329892873385;0;0,000332463458;0;0,000116088666190611;0;
988,31821108447;0;0,000332331189;0;0,000116179902014555;0;
989,306529295554;0;0,00033369587;0;0,000116271512488245;0;
990,294847506639;0;0,000332520845;0;0,000116362800378989;0;
991,283165717723;0;0,000332446662;0;0,000116454067904064;0;
992,271483928808;0;0,000333516012;0;0,000116545629000827;0;
993,259802139892;0;0,00033245576;0;0,000116636899023602;0;
994,248120350976;0;0,000333485219;0;0,000116728451666676;0;
995,236438562061;0;0,000560124355;0;0,000116882224194597;0;
996,224756773145;0;0,000332599926;0;0,000116973533795673;0;
997,21307498423;0;0,000333639183;0;0,00011706512870692;0;
998,201393195314;0;0,000332467657;0;0,000117156401995812;0;
999,189711406399;0;0,000332396274;0;0,000117247655687726;0;
1000,17802961748;0;0,000333490118;0;0,000117339209675736;0;
1001,16634782857;0;0,000332293398;0;0,00011743043512481;0;
1002,15466603965;0;0,000333674175;0;0,00011752203964251;0;
1003,14298425074;0;0,000332828073;0;0,000117613411877428;0;
1004,13130246182;0;0,000333103108;0;0,000117704859618485;0;
1005,11962067291;0;0,000561719281;0;0,000117859070005966;0;
1006,10793888399;0;0,000332975038;0;0,000117950482587602;0;
1007,09625709507;0;0,000332793781;0;0,000118041845408241;0;
1008,08457530616;0;0,000333977204;0;0,000118133533117352;0;
1009,07289351724;0;0,000332789582;0;0,000118224894785227;0;
1010,06121172833;0;0,000333851233;0;0,000118316547911162;0;
1011,04952993941;0;0,0003327133;0;0,000118407888637123;0;
1012,0378481505;0;0,0003327133;0;0,000118499229363084;0;
1013,02616636158;0;0,000333775651;0;0,000118590861739279;0;
1014,01448457267;0;0,000332357783;0;0,00011868210486415;0;
1015,00280278375;0;0,000560091462;0;0,000118835868361863;0;
1015,99112099483;0;0,000333191288;0;0,000118927340311225;0;
1016,97943920592;0;0,000332141534;0;0,000119018524068645;0;
1017,967757417;0;0,000333511813;0;0,000119110084012645;0;
1018,95607562809;0;0,000332162529;0;0,000119201273533881;0;
1019,94439383917;0;0,000331981271;0;0,000119292413293844;0;
1020,93271205026;0;0,000333238177;0;0,000119383898115777;0;
1021,92103026134;0;0,000332238111;0;0,000119475108386754;0;
1022,90934847243;0;0,000331888893;0;0,000119566222785923;0;
1023,89766668351;0;0,000333444628;0;0,000119657764285434;0;
1024,88598489459;0;0,000560071167;0;0,000119811522211504;0;
1025,87430310568;0;0,000333506914;0;0,000119903080810567;0;
1026,86262131676;0;0,000332359882;0;0,000119994324511682;0;
1027,85093952785;0;0,000332096044;0;0,000120085495780603;0;
1028,83925773893;0;0,000333596493;0;0,000120177078972044;0;
1029,82757595002;0;0,000332322791;0;0,000120268312490461;0;
1030,8158941611;0;0,000332138734;0;0,000120359495479189;0;
1031,80421237219;0;0,000333581796;0;0,00012045107463582;0;
1032,79253058327;0;0,000332632119;0;0,000120542393074931;0;
1033,78084879436;0;0,000333861731;0;0,000120634049082912;0;
1034,76916700544;0;0,000560404989;0;0,000120787898654082;0;
1035,75748521652;0;0,000332760189;0;0,000120879252252613;0;
1036,74580342761;0;0,000334044388;0;0,000120970958405938;0;
1037,73412163869;0;0,000332825273;0;0,000121062329872165;0;
1038,72243984978;0;0,00033305342;0;0,000121153763972234;0;
1039,71075806086;0;0,000334044388;0;0,000121245470125559;0;
1040,69907627195;0;0,000332424967;0;0,000121336731694644;0;
1041,68739448303;0;0,000333078614;0;0,000121428172711294;0;
1042,67571269412;0;0,000331699237;0;0,000121519235043663;0;
1043,6640309052;0;0,000331851801;0;0,00012161033925986;0;
1044,65234911629;0;0,000560512764;0;0,000121764218418807;0;
1045,64066732737;0;0,000332040757;0;0,00012185537450963;0;
1046,62898553845;0;0,000333478221;0;0,000121946925231523;0;
1047,61730374954;0;0,000332427767;0;0,0001220381875693;0;
1048,60562196062;0;0,000332409571;0;0,000122129444911677;0;
1049,59394017171;0;0,000333331255;0;0,000122220955286577;0;
1050,58225838279;0;0,000332170227;0;0,000122312146921167;0;
1051,57057659388;0;0,000332119139;0;0,000122403324530424;0;
1052,55889480496;0;0,000333335454;0;0,000122494836058087;0;
1053,54721301605;0;0,000332329789;0;0,000122586071497686;0;
1054,53553122713;0;0,000561057936;0;0,000122740100324248;0;
1055,52384943822;0;0,000332153431;0;0,000122831287347784;0;
1056,5121676493;0;0,000331995268;0;0,000122922430950384;0;
1057,50048586038;0;0,000333211583;0;0,00012301390847139;0;
1058,48880407147;0;0,000331830106;0;0,000123105006731597;0;
1059,47712228255;0;0,000332011364;0;0,000123196154753077;0;
1060,46544049364;0;0,000332942846;0;0,000123287558496953;0;
1061,45375870472;0;0,000331628554;0;0,000123378601424518;0;
1062,44207691581;0;0,000332954043;0;0,000123470008242338;0;
1063,43039512689;0;0,000331827307;0;0,000123561105734127;0;
1064,41871333798;0;0,000559690456;0;0,000123714759142526;0;
1065,40703154906;0;0,000332914852;0;0,000123806155201129;0;
1066,39534976015;0;0,000332047056;0;0,000123897313021235;0;
1067,38366797123;0;0,000332297597;0;0,000123988539623073;0;
1068,37198618232;0;0,000333348751;0;0,000124080054801199;0;
1069,3603043934;0;0,000332205918;0;0,000124171256234141;0;
1070,34862260448;0;0,000333219981;0;0,000124262736060674;0;
1071,33694081557;0;0,000332061052;0;0,000124353897723142;0;
1072,32525902665;0;0,000331823808;0;0,000124444994254341;0;
1073,31357723774;0;0,000333028226;0;0,00012453642143783;0;
1074,30189544882;0;0,000559222966;0;0,000124689946504873;0;
1075,29021365991;0;0,00033125904;0;0,000124780887988712;0;
1076,27853187099;0;0,000332440364;0;0,000124872153784778;0;
1077,26685008208;0;0,000331510981;0;0,000124963164434694;0;
1078,25516829316;0;0,000332775585;0;0,000125054522259933;0;
1079,24348650425;0;0,000331524278;0;0,000125145536560312;0;
1080,23180471533;0;0,000331608258;0;0,000125236573915958;0;
1081,22012292641;0;0,000332659412;0;0,000125327899847894;0;
1082,2084411375;0;0,000331737028;0;0,000125418972555134;0;
1083,19675934858;0;0,000331522179;0;0,000125509986279268;0;
1084,18507755967;0;0,000560621938;0;0,000125663895410063;0;
1085,17339577075;0;0,000331543873;0;0,000125754915089912;0;
1086,16171398184;0;0,000332853967;0;0,000125846294433584;0;
1087,15003219292;0;0,000331735629;0;0,000125937366756752;0;
1088,13835040401;0;0,000331762922;0;0,000126028446572746;0;
1089,12666861509;0;0,000332732895;0;0,000126119792678178;0;
1090,11498682618;0;0,000331703436;0;0,00012621085616331;0;
1091,10330503726;0;0,000331879795;0;0,00012630196806478;0;
1092,09162324834;0;0,00033301073;0;0,000126393390445042;0;
1093,07994145943;0;0,000331551572;0;0,00012648441223852;0;
1094,06825967051;0;0,000560347602;0;0,000126638246055074;0;
1095,0565778816;0;0,000331564869;0;0,000126729271499016;0;
1096,04489609268;0;0,000331298931;0;0,000126820223934243;0;
1097,03321430377;0;0,000332574032;0;0,000126911526426565;0;
1098,02153251485;0;0,000331391309;0;0,000127002504222588;0;
1099,00985072594;0;0,00033147249;0;0,00012709350430546;0;
1099,99816893702;0;0,000332437564;0;0,000127184769332835;0;
1100,98648714811;0;0,000331197455;0;0,000127275693909569;0;
1101,97480535919;0;0,000332451561;0;0,00012736696277958;0;
1102,96312357027;0;0,000331415803;0;0,000127457947300009;0;
1103,95144178136;0;0,000559244661;0;0,000127611478323042;0;
1104,93975999244;0;0,00033245506;0;0,000127702748153643;0;
1105,92807820353;0;0,000331351419;0;0,000127793714998551;0;
1106,91639641461;0;0,000331339521;0;0,000127884678577066;0;
1107,9047146257;0;0,000332616722;0;0,000127975992789195;0;
1108,89303283678;0;0,00033155927;0;0,000128067016696027;0;
1109,88135104787;0;0,000332649615;0;0,000128158339938365;0;
1110,86966925895;0;0,00033164395;0;0,000128249387092637;0;
1111,85798747004;0;0,00033164465;0;0,000128340434439083;0;
1112,84630568112;0;0,000332723097;0;0,000128431777854642;0;
1113,8346238922;0;0,000559453912;0;0,000128585366323945;0;
1114,82294210329;0;0,000331849702;0;0,000128676469963898;0;
1115,81126031437;0;0,00033305482;0;0,000128767904448313;0;
1116,79957852546;0;0,000331655147;0;0,00012885895467653;0;
1117,78789673654;0;0,000332579631;0;0,000128950258705961;0;
1118,77621494763;0;0,000331590762;0;0,000129041291258381;0;
1119,76453315871;0;0,000331787416;0;0,000129132377798782;0;
1120,7528513698;0;0,000333025427;0;0,000129223804213853;0;
1121,74116958088;0;0,000332004366;0;0,000129314950314153;0;
1122,72948779197;0;0,000331915486;0;0,000129406072013973;0;
1123,71780600305;0;0,000560963458;0;0,000129560074903222;0;
1124,70612421414;0;0,000332130336;0;0,000129651255586423;0;
1125,69444242522;0;0,000333196187;0;0,000129742728880721;0;
1126,6827606363;0;0,000332058253;0;0,000129833889774772;0;
1127,67107884739;0;0,000332293398;0;0,000129925115223846;0;
1128,65939705847;0;0,000333413836;0;0,000130016648269942;0;
1129,64771526956;0;0,000332384377;0;0,000130107898695739;0;
1130,63603348064;0;0,000332402572;0;0,000130199154116661;0;
1131,62435169173;0;0,000333658078;0;0,000130290754215206;0;
1132,61266990281;0;0,000332460659;0;0,000130382025582917;0;
1133,6009881139;0;0,000561435848;0;0,000130536158158732;0;
1134,58930632498;0;0,000332448062;0;0,000130627426068152;0;
1135,57762453607;0;0,000332281501;0;0,000130718648251109;0;
1136,56594274715;0;0,000333571999;0;0,000130810224718143;0;
1137,55426095823;0;0,00033219822;0;0,00013090142403773;0;
1138,54257916932;0;0,000332068051;0;0,000130992587621653;0;
1139,5308973804;0;0,000333130402;0;0,00013108404285581;0;
1140,51921559149;0;0,000331991769;0;0,000131175185497819;0;
1141,50753380257;0;0,000333289965;0;0,000131266684537258;0;
1142,49585201366;0;0,000332354284;0;0,000131357926701538;0;
1143,48417022474;0;0,00056023213;0;0,000131511728817236;0;
1144,47248843583;0;0,000333620287;0;0,000131603318540911;0;
1145,46080664691;0;0,000332372479;0;0,000131694565700316;0;
1146,449124858;0;0,000332324191;0;0,00013178579960308;0;
1147,43744306908;0;0,000333441129;0;0,000131877340142001;0;
1148,42576128016;0;0,000332502649;0;0,000131968623037346;0;
1149,41407949125;0;0,000333689571;0;0,000132060231781754;0;
1150,40239770233;0;0,000332303196;0;0,0001321514599207;0;
1151,39071591342;0;0,000332221315;0;0,000132242665580624;0;
1152,3790341245;0;0,000333387942;0;0,000132334191517967;0;
1153,36735233559;0;0,000560120856;0;0,000132487963085298;0;
1154,35567054667;0;0,000332447362;0;0,000132579230802546;0;
1155,34398875776;0;0,000333826739;0;0,000132670877204074;0;
1156,33230696884;0;0,000332504049;0;0,000132762160483764;0;
1157,32062517993;0;0,000333456526;0;0,000132853705249667;0;
1158,30894339101;0;0,000332346586;0;0,000132944945300594;0;
1159,29726160209;0;0,000332388576;0;0,000133036196879154;0;
1160,28557981318;0;0,000333427133;0;0,000133127733575714;0;
1161,27389802426;0;0,000332375979;0;0,000133218981695984;0;
1162,26221623535;0;0,000332193321;0;0,000133310179670635;0;
1163,25053444643;0;0,000561098527;0;0,000133464219640759;0;
1164,23885265752;0;0,000332032359;0;0,000133555373426056;0;
1165,2271708686;0;0,000333152097;0;0,000133646834616202;0;
1166,21548907969;0;0,00033220032;0;0,000133738034512309;0;
1167,20380729077;0;0,000332297597;0;0,000133829261114146;0;
1168,19212550186;0;0,00033331096;0;0,000133920765917403;0;
1169,18044371294;0;0,000332206618;0;0,000134011967542517;0;
1170,16876192402;0;0,000332267504;0;0,000134103185882838;0;
1171,15708013511;0;0,000333392141;0;0,000134194712972944;0;
1172,14539834619;0;0,000332336088;0;0,000134285950141825;0;
1173,13371655728;0;0,000561325274;0;0,000134440052361446;0;
1174,12203476836;0;0,000332546039;0;0,000134531347168771;0;
1175,11035297945;0;0,000332416569;0;0,000134622606432329;0;
1176,09867119053;0;0,000333483819;0;0,000134714158691056;0;
1177,08698940162;0;0,000332312294;0;0,000134805389327703;0;
1178,0753076127;0;0,000331842004;0;0,000134896490854302;0;
1179,06362582379;0;0,000332988335;0;0,000134987907086401;0;
1180,05194403487;0;0,000332275902;0;0,000135079127732249;0;
1181,04026224596;0;0,000333243076;0;0,000135170613899118;0;
1182,02858045704;0;0,000332130336;0;0,000135261794582319;0;
1183,01689866812;0;0,000560156547;0;0,000135415575948002;0;
1184,00521687921;0;0,000333631485;0;0,000135507168745895;0;
1184,99353509029;0;0,00033245506;0;0,000135598438576497;0;
1185,98185330138;0;0,000332386476;0;0,000135689689578538;0;
1186,97017151246;0;0,000333513912;0;0,000135781250098782;0;
1187,95848972355;0;0,00033224371;0;0,000135872461906869;0;
1188,94680793463;0;0,00033348172;0;0,000135964013589352;0;
1189,93512614572;0;0,000332437564;0;0,000136055278616727;0;
1190,9234443568;0;0,00033241237;0;0,000136146536727522;0;
1191,91176256789;0;0,000333362748;0;0,000136238055748284;0;
1192,90008077897;0;0,00056010196;0;0,000136391822128043;0;
1193,88839899005;0;0,000332263305;0;0,000136483039315601;0;
1194,87671720114;0;0,000333349451;0;0,0001365745546859;0;
1195,86503541222;0;0,00033202746;0;0,000136665707126261;0;
1196,85335362331;0;0,000333152097;0;0,000136757168316407;0;
1197,84167183439;0;0,00033198687;0;0,00013684830961348;0;
1198,82999004548;0;0,000332047755;0;0,000136939467625484;0;
1199,81830825656;0;0,000333218581;0;0,000137030947067671;0;
1200,80662646765;0;0,000331995268;0;0,000137122090670271;0;
1201,79494467873;0;0,000332277302;0;0,000137213311700464;0;
1202,78326288982;0;0,000560519062;0;0,000137367192588418;0;
1203,7715811009;0;0,000332031659;0;0,000137458346181542;0;
1204,75989931198;0;0,000333341053;0;0,000137549859246315;0;
1205,74821752307;0;0,000332176525;0;0,000137641052609913;0;
1206,73653573415;0;0,000332096044;0;0,000137732223878834;0;
1207,72485394524;0;0,000333599292;0;0,000137823807838692;0;
1208,71317215632;0;0,000332616022;0;0,000137915121858647;0;
1209,70149036741;0;0,000333969506;0;0,000138006807454405;0;
1210,68980857849;0;0,000332723797;0;0,000138098151062137;0;
1211,67812678958;0;0,0003327133;0;0,000138189491788098;0;
1212,66644500066;0;0,000561568817;0;0,00013834366086827;0;
1213,65476321175;0;0,000332432665;0;0,000138434924550709;0;
1214,64308142283;0;0,000332264705;0;0,000138526142122612;0;
1215,63139963391;0;0,000333467023;0;0,000138617689770286;0;
1216,619717845;0;0,000332091145;0;0,00013870885969427;0;
1217,60803605608;0;0,000333270369;0;0,000138800353353964;0;
1218,59635426717;0;0,000332131736;0;0,000138891534421511;0;
1219,58467247825;0;0,000331995268;0;0,00013898267802411;0;
1220,57299068934;0;0,000333119205;0;0,000139074130184322;0;
1221,56130890042;0;0,000332219915;0;0,0001391653354599;0;
1222,54962711151;0;0,000559922102;0;0,000139319052462732;0;
1223,53794532259;0;0,000333497816;0;0,000139410608564096;0;
1224,52626353368;0;0,000332896657;0;0,000139501999627574;0;
1225,51458174476;0;0,000333832338;0;0,000139593647566211;0;
1226,50289995584;0;0,000332619522;0;0,000139684962547032;0;
1227,49121816693;0;0,000332764388;0;0,000139776317298327;0;
1228,47953637801;0;0,000333840736;0;0,000139867967542491;0;
1229,4678545891;0;0,000332588029;0;0,000139959273877449;0;
1230,45617280018;0;0,000332632819;0;0,000140050592508733;0;
1231,44449101127;0;0,000333705667;0;0,000140142205672021;0;
1232,43280922235;0;0,000560971856;0;0,000140296210866797;0;
1233,42112743344;0;0,000333836537;0;0,000140387859958197;0;
1234,40944564452;0;0,000332556536;0;0,000140479157647293;0;
1235,39776385561;0;0,000332690205;0;0,000140570492032918;0;
1236,38608206669;0;0,0003339919;0;0,000140662183776564;0;
1237,37440027778;0;0,000332687406;0;0,000140753517393772;0;
1238,36271848886;0;0,000332822474;0;0,000140844888091581;0;
1239,35103669994;0;0,000334043688;0;0,000140936594052733;0;
1240,33935491103;0;0,000332951244;0;0,000141028000102135;0;
1241,32767312211;0;0,000334046488;0;0,00014111970683198;0;
1242,3159913332;0;0,000561252491;0;0,000141273789070277;0;
1243,30430954428;0;0,000332956143;0;0,000141365196464616;0;
1244,29262775537;0;0,000334102474;0;0,000141456918564456;0;
1245,28094596645;0;0,000332912753;0;0,000141548314046815;0;
1246,26926417754;0;0,000332954043;0;0,000141639720864634;0;
1247,25758238862;0;0,000334062584;0;0,000141731432013359;0;
1248,24590059971;0;0,000333042922;0;0,000141822863231383;0;
1249,23421881079;0;0,000334085678;0;0,000141914580720169;0;
1250,22253702187;0;0,000332919751;0;0,000142005978123709;0;
1251,21085523296;0;0,000332978538;0;0,00014209739166621;0;
1252,19917344404;0;0,000562638866;0;0,000142251854509969;0;
1253,18749165513;0;0,000333059019;0;0,000142343290147148;0;
1254,17580986621;0;0,000332992534;0;0,000142434707532011;0;
1255,1641280773;0;0,000334264137;0;0,000142526474013652;0;
1256,15244628838;0;0,000333086312;0;0,000142617917143656;0;
1257,14076449947;0;0,000334143065;0;0,000142709650387058;0;
1258,12908271055;0;0,000332977838;0;0,000142801063737386;0;
1259,11740092164;0;0,000332928149;0;0,000142892463446453;0;
1260,10571913272;0;0,000333982802;0;0,000142984152692399;0;
1261,0940373438;0;0,000332843469;0;0,000143075529154025;0;
1262,08235555489;0;0,000561335071;0;0,000143229634063244;0;
1263,07067376597;0;0,000334110872;0;0,000143321358468611;0;
1264,05899197706;0;0,000333088412;0;0,000143412802175133;0;
1265,04731018814;0;0,000334046488;0;0,000143504508904977;0;
1266,03562839923;0;0,000332779784;0;0,000143595867882979;0;
1267,02394661031;0;0,0003327098;0;0,000143687207648076;0;
1268,0122648214;0;0,00033386313;0;0,000143778864040128;0;
1269,00058303248;0;0,000332937247;0;0,000143870266246894;0;
1269,98890124357;0;0,000332782583;0;0,000143961625993314;0;
1270,97721945465;0;0,000333952709;0;0,000144053306977743;0;
1271,96553766573;0;0,000561215399;0;0,000144207379033069;0;
1272,95385587682;0;0,000334042289;0;0,00014429908461015;0;
1273,9421740879;0;0,000332736394;0;0,000144390431676172;0;
1274,93049229899;0;0,00033288336;0;0,000144481819089188;0;
1275,91881051007;0;0,000333942912;0;0,000144573497384019;0;
1276,90712872116;0;0,000332813376;0;0,000144664865584128;0;
1277,89544693224;0;0,000332937947;0;0,000144756267983067;0;
1278,88376514333;0;0,00033403739;0;0,000144847972215212;0;
1279,87208335441;0;0,000332826673;0;0,000144939344065784;0;
1280,8604015655;0;0,000334070982;0;0,000145031057520036;0;
1281,84871977658;0;0,000561209801;0;0,000145185128038527;0;
1282,83703798766;0;0,000332935848;0;0,000145276529861221;0;
1283,82535619875;0;0,000334171058;0;0,000145368270789621;0;
1284,81367440983;0;0,000332960342;0;0,000145459679336723;0;
1285,80199262092;0;0,000333064617;0;0,000145551116510737;0;
1286,790310832;0;0,000334215848;0;0,000145642869735462;0;
1287,77862904309;0;0,000332868663;0;0,000145734253113668;0;
1288,76694725417;0;0,000333849134;0;0,000145825905663359;0;
1289,75526546526;0;0,000332602726;0;0,000145917216033126;0;
1290,74358367634;0;0,000332703502;0;0,000146008554069215;0;
1291,73190188743;0;0,000562250457;0;0,000146162910281949;0;
1292,72022009851;0;0,000332942846;0;0,000146254314025825;0;
1293,7085383096;0;0,000332856066;0;0,000146345693945741;0;
1294,69685652068;0;0,000333789648;0;0,000146437330164571;0;
1295,68517473176;0;0,000332681807;0;0,00014652866224467;0;
1296,67349294285;0;0,000333775651;0;0,000146620294620864;0;
1297,66181115393;0;0,00033241167;0;0,000146711552539486;0;
1298,65012936502;0;0,000332503349;0;0,000146802835627003;0;
1299,6384475761;0;0,000333927515;0;0,000146894509694852;0;
1300,62676578719;0;0,000332871463;0;0,000146985893841751;0;
1301,61508399827;0;0,000561472239;0;0,00014714003640809;0;
1302,60340220936;0;0,000334086378;0;0,000147231754089049;0;
1303,59172042044;0;0,000332720998;0;0,000147323096928364;0;
1304,58003863153;0;0,000333828139;0;0,000147414743714238;0;
1305,56835684261;0;0,000332651014;0;0,000147506067340647;0;
1306,55667505369;0;0,000332608324;0;0,000147597379247249;0;
1307,54499326478;0;0,00033377845;0;0,000147689012391861;0;
1308,53331147586;0;0,000332853967;0;0,000147780391735532;0;
1309,52162968695;0;0,000332857466;0;0,000147871772039794;0;
1310,50994789803;0;0,000334176657;0;0,000147963514505303;0;
1311,49826610912;0;0,000561536624;0;0,00014811767474744;0;
1312,4865843202;0;0,000334095476;0;0,000148209394926098;0;
1313,47490253129;0;0,000332935148;0;0,00014830079655662;0;
1314,46322074237;0;0,000332770686;0;0,000148392153036923;0;
1315,45153895346;0;0,000333915618;0;0,000148483823838655;0;
1316,43985716454;0;0,000332867264;0;0,000148575206832789;0;
1317,42817537562;0;0,000333026126;0;0,000148666633439759;0;
1318,41649358671;0;0,000333996099;0;0,000148758326336169;0;
1319,40481179779;0;0,000333061118;0;0,000148849762549592;0;
1320,39313000888;0;0,000334091277;0;0,000148941481575487;0;
1321,38144821996;0;0,000561218898;0;0,000149095554591403;0;
1322,36976643105;0;0,00033288126;0;0,0001491869414279;0;
1323,35808464213;0;0,000334063983;0;0,000149278652960696;0;
1324,34640285322;0;0,00033309611;0;0,000149370098780572;0;
1325,3347210643;0;0,000333260572;0;0,000149461589750668;0;
1326,32303927539;0;0,000334298429;0;0,000149553365646589;0;
1327,31135748647;0;0,000333033825;0;0,000149644794367188;0;
1328,29967569755;0;0,000334130468;0;0,0001497365241523;0;
1329,28799390864;0;0,000332897357;0;0,000149827915407951;0;
1330,27631211972;0;0,000332777685;0;0,000149919273809709;0;
1331,26463033081;0;0,000562207067;0;0,000150073618110463;0;
1332,25294854189;0;0,000332759489;0;0,000150164971516822;0;
1333,24126675298;0;0,000332776985;0;0,000150256329726406;0;
1334,22958496406;0;0,000333782649;0;0,000150347964023782;0;
1335,21790317515;0;0,000332462058;0;0,000150439235775564;0;
1336,20622138623;0;0,000333517411;0;0,000150530797256399;0;
1337,19453959732;0;0,000332630019;0;0,000150622115118991;0;
1338,1828578084;0;0,000332494951;0;0,000150713395900981;0;
1339,17117601948;0;0,000333776351;0;0,000150805028469349;0;
1340,15949423057;0;0,000332684606;0;0,000150896361317865;0;
1341,14781244165;0;0,00056125599;0;0,000151050444516753;0;
1342,13613065274;0;0,000334224246;0;0,000151142200047005;0;
1343,12444886382;0;0,000333080714;0;0,000151233641640174;0;
1344,11276707491;0;0,000334126269;0;0,000151325370272522;0;
1345,10108528599;0;0,000333133201;0;0,000151416826275096;0;
1346,08940349708;0;0,000333209483;0;0,000151508303219583;0;
1347,07772170816;0;0,000334496482;0;0,000151600133487557;0;
1348,06603991925;0;0,000333399139;0;0,000151691662498844;0;
1349,05435813033;0;0,000332960342;0;0,000151783071045946;0;
1350,04267634142;0;0,000333975804;0;0,000151874758370711;0;
1351,0309945525;0;0,000561195804;0;0,000152028825046566;0;
1352,01931276358;0;0,000333830938;0;0,000152120472600857;0;
1353,00763097467;0;0,000332986236;0;0,000152211888256713;0;
1353,99594918575;0;0,000333019828;0;0,000152303313134675;0;
1354,98426739684;0;0,000334259938;0;0,000152395078463553;0;
1355,97258560792;0;0,000333178691;0;0,000152486546954625;0;
1356,96090381901;0;0,000334364213;0;0,000152578340910415;0;
1357,94922203009;0;0,000332870763;0;0,00015266972486514;0;
1358,93754024118;0;0,00033283787;0;0,000152761099789657;0;
1359,92585845226;0;0,000334415301;0;0,00015285290777078;0;
1360,91417666335;0;0,000561589112;0;0,000153007082422596;0;
1361,90249487443;0;0,000333073015;0;0,000153098521902136;0;
1362,89081308551;0;0,000333870129;0;0,000153190180215644;0;
1363,8791312966;0;0,000332959642;0;0,000153281588570573;0;
1364,86744950768;0;0,000333939413;0;0,000153373265904814;0;
1365,85576771877;0;0,000332998133;0;0,000153464684826786;0;
1366,84408592985;0;0,000333058319;0;0,000153556120271792;0;
1367,83240414094;0;0,000334301928;0;0,000153647897128304;0;
1368,82072235202;0;0,00033301283;0;0,000153739320085086;0;
1369,80904056311;0;0,000332998833;0;0,000153830739199231;0;
1370,79735877419;0;0,000562331638;0;0,000153985117698816;0;
1371,78567698528;0;0,000332819675;0;0,000154076487628207;0;
1372,77399519636;0;0,000333901621;0;0,000154168154587303;0;
1373,76231340744;0;0,000332504049;0;0,000154259437866994;0;
1374,75063161853;0;0,000332748991;0;0,000154350788391306;0;
1375,73894982961;0;0,000333941512;0;0,000154442466301791;0;
1376,7272680407;0;0,000332758089;0;0,000154533819323804;0;
1377,71558625178;0;0,000332737094;0;0,000154625166581999;0;
1378,70390446287;0;0,000333919117;0;0,000154716838344321;0;
1379,69222267395;0;0,000332534841;0;0,000154808130077427;0;
1380,68054088504;0;0,000562264454;0;0,000154962490132798;0;
1381,66885909612;0;0,000332952644;0;0,000155053896566546;0;
1382,65717730721;0;0,000332776985;0;0,000155145254776131;0;
1383,64549551829;0;0,000333806444;0;0,000155236895606015;0;
1384,63381372937;0;0,000332647515;0;0,000155328218271833;0;
1385,62213194046;0;0,00033236828;0;0,000155419464278475;0;
1386,61045015154;0;0,000333282966;0;0,000155510961396459;0;
1387,59876836263;0;0,000332259806;0;0,000155602177623426;0;
1388,58708657371;0;0,000333655279;0;0,000155693776953554;0;
1389,5754047848;0;0,000332849768;0;0,000155785155144462;0;
1390,56372299588;0;0,000561337871;0;0,000155939260822373;0;
1391,55204120697;0;0,00033386383;0;0,000156030917406599;0;
1392,54035941805;0;0,000332770686;0;0,000156122273886901;0;
1393,52867762914;0;0,000332746892;0;0,000156213623834969;0;
1394,51699584022;0;0,000333830938;0;0,000156305271389261;0;
1395,5053140513;0;0,000332639117;0;0,000156396591749552;0;
1396,49363226239;0;0,000333965307;0;0,000156488276192546;0;
1397,48195047347;0;0,000332665011;0;0,000156579603661591;0;
1398,47026868456;0;0,000332729396;0;0,000156670948806433;0;
1399,45858689564;0;0,000333742759;0;0,000156762572152693;0;
1400,44690510673;0;0,000560723414;0;0,000156916509141982;0;
1401,43522331781;0;0,000332802879;0;0,00015700787446032;0;
1402,4235415289;0;0,000334210949;0;0,000157099626340109;0;
1403,41185973998;0;0,000332949844;0;0,000157191032005165;0;
1404,40017795107;0;0,000333933814;0;0,000157282707802297;0;
1405,38849616215;0;0,000332965941;0;0,000157374117886508;0;
1406,37681437323;0;0,000333032425;0;0,000157465546222761;0;
1407,36513258432;0;0,000334369812;0;0,00015755734171566;0;
1408,3534507954;0;0,000333000232;0;0,000157648761213876;0;
1409,34176900649;0;0,00033292675;0;0,000157740160538872;0;
1410,33008721757;0;0,000562762037;0;0,000157894657197114;0;
1411,31840542866;0;0,000333042922;0;0,000157986088415138;0;
1412,30672363974;0;0,000334253639;0;0,000158077852014734;0;
1413,29504185083;0;0,000333086312;0;0,000158169295144737;0;
1414,28336006191;0;0,000332954043;0;0,000158260701962557;0;
1415,271678273;0;0,000334241042;0;0,000158352462103863;0;
1416,25999648408;0;0,000333135301;0;0,000158443918682955;0;
1417,24831469517;0;0,000333362048;0;0,000158535437511545;0;
1418,23663290625;0;0,00033437751;0;0,000158627235117798;0;
1419,22495111733;0;0,000333233278;0;0,000158718718594794;0;
1420,21326932842;0;0,000562720747;0;0,000158873203917576;0;
1421,2015875395;0;0,000333068816;0;0,000158964642244353;0;
1422,18990575059;0;0,000332763688;0;0,000159055996803475;0;
1423,17822396167;0;0,000334226345;0;0,000159147752909971;0;
1424,16654217276;0;0,000333121304;0;0,000159239205646428;0;
1425,15486038384;0;0,000333463524;0;0,000159330752333512;0;
1426,14317859493;0;0,000334215848;0;0,000159422505558237;0;
1427,13149680601;0;0,000333189888;0;0,000159513977123254;0;
1428,1198150171;0;0,000334414601;0;0,000159605784912204;0;
1429,10813322818;0;0,000333533508;0;0,000159697350812194;0;
1430,09645143926;0;0,000561234995;0;0,000159851428247265;0;
1431,08476965035;0;0,000333972305;0;0,00015994311461144;0;
1432,07308786143;0;0,000332768587;0;0,000160034470515498;0;
1433,06140607252;0;0,00033279868;0;0,000160125834681073;0;
1434,0497242836;0;0,000334192053;0;0,000160217581373289;0;
1435,03804249469;0;0,000333101009;0;0,000160309028538102;0;
1436,02636070577;0;0,000334280933;0;0,000160400799630797;0;
1437,01467891686;0;0,000332876361;0;0,000160492185122357;0;
1438,00299712794;0;0,000332807078;0;0,000160583551593458;0;
1438,99131533903;0;0,000335392972;0;0,000160675627977374;0;
1439,97963355011;0;0,000559774437;0;0,000160829304441315;0;
1440,96795176119;0;0,000332658712;0;0,000160920630181077;0;
1441,95626997228;0;0,000334113672;0;0,000161012355355136;0;
1442,94458818336;0;0,000332937247;0;0,000161103757561902;0;
1443,93290639445;0;0,000334108773;0;0,000161195481391024;0;
1444,92122460553;0;0,000332856066;0;0,00016128686131094;0;
1445,90954281662;0;0,00033300933;0;0,000161378283306857;0;
1446,8978610277;0;0,00033420815;0;0,000161470034418228;0;
1447,88617923879;0;0,000332947045;0;0,000161561439314867;0;
1448,87449744987;0;0,000335827571;0;0,000161653635010479;0;
1449,86281566096;0;0,000559732446;0;0,000161807299946512;0;
1450,85113387204;0;0,000333155596;0;0,000161898762097248;0;
1451,83945208312;0;0,000333996799;0;0,00016199045518583;0;
1452,82777029421;0;0,000332527143;0;0,000162081744805582;0;
1453,81608850529;0;0,000332224114;0;0,000162172951233923;0;
1454,80440671638;0;0,000333723163;0;0,000162264569200438;0;
1455,79272492746;0;0,000332564934;0;0,000162355869195061;0;
1456,78104313855;0;0,000332451561;0;0,000162447138065072;0;
1457,76936134963;0;0,000333600692;0;0,000162538722409275;0;
1458,75767956072;0;0,000336904618;0;0,000162631213789655;0;
1459,7459977718;0;0,000557266224;0;0,000162784201666767;0;
1460,73431598289;0;0,000332466957;0;0,000162875474763486;0;
1461,72263419397;0;0,000332333988;0;0,000162966711355847;0;
1462,71095240505;0;0,000333643382;0;0,000163058307419858;0;
1463,69927061614;0;0,000332556536;0;0,000163149605108954;0;
1464,68758882722;0;0,000332439664;0;0,000163240870712848;0;
1465,67590703831;0;0,000333667176;0;0,000163332473309093;0;
1466,66422524939;0;0,000332333988;0;0,000163423709901454;0;
1467,65254346048;0;0,000333593694;0;0,000163515292324477;0;
1468,64086167156;0;0,000340363209;0;0,000163608733201655;0;
1469,62917988265;0;0,000553426223;0;0,0001637606668724;0;
1470,61749809373;0;0,000333817641;0;0,000163852310776228;0;
1471,60581630482;0;0,000332932348;0;0,000163943711638058;0;
1472,5941345159;0;0,000332731495;0;0,000164035057359144;0;
1473,58245272699;0;0,000333853333;0;0,000164126711061598;0;
1474,57077093807;0;0,000332529243;0;0,000164218001257869;0;
1475,55908914915;0;0,000333590194;0;0,000164309582720027;0;
1476,54740736024;0;0,00033253904;0;0,000164400875605896;0;
1477,53572557132;0;0,000332731495;0;0,000164492221326982;0;
1478,52404378241;0;0,000354733644;0;0,000164589607360441;0;
1479,51236199349;0;0,000539920785;0;0,000164737833344985;0;
1480,50068020458;0;0,000332616722;0;0,000164829147557113;0;
1481,48899841566;0;0,000333421534;0;0,000164920682716563;0;
1482,47731662675;0;0,000332196821;0;0,00016501188165208;0;
1483,46563483783;0;0,000333583196;0;0,000165103461193057;0;
1484,45395304892;0;0,000332192622;0;0,00016519465897581;0;
1485,44227126;0;0,000332228313;0;0,000165285866556914;0;
1486,43058947108;0;0,000333714765;0;0,000165377482217903;0;
1487,41890768217;0;0,00033245506;0;0,000165468752048504;0;
1488,40722589325;0;0,000366883499;0;0,000165569473616117;0;
1489,39554410434;0;0,000527960585;0;0,000165714416133031;0;
1490,38386231542;0;0,000332630719;0;0,000165805734187796;0;
1491,37218052651;0;0,000333959708;0;0,000165897417093681;0;
1492,36049873759;0;0,000332703502;0;0,000165988755129769;0;
1493,34881694868;0;0,000332786083;0;0,000166080115837054;0;
1494,33713515976;0;0,000334040889;0;0,000166171821029789;0;
1495,32545337085;0;0,000333072316;0;0,000166263260317431;0;
1496,31377158193;0;0,000332825973;0;0,00016635463197583;0;
1497,30208979301;0;0,000333918418;0;0,000166446303546254;0;
1498,2904080041;0;0,000381388303;0;0,000166551007158851;0;
1499,27872621518;0;0,000514014951;0;0,000166692121141307;0;
1500,26704442627;0;0,000332695804;0;0,000166783457064042;0;
1501,25536263735;0;0,000332847668;0;0,000166874834678431;0;
1502,24368084844;0;0,00033403459;0;0,000166966538141884;0;
1503,23199905952;0;0,000332987635;0;0,000167057954181811;0;
1504,22031727061;0;0,000332773486;0;0,000167149311430805;0;
1505,20863548169;0;0,000333876427;0;0,000167240971473321;0;
1506,19695369278;0;0,000332665011;0;0,000167332298942366;0;
1507,18527190386;0;0,000333690271;0;0,000167423907878946;0;
1508,17359011494;0;0,000395373129;0;0,000167532450785492;0;
1509,16190832603;0;0,00049881101;0;0,000167669390786901;0;
1510,15022653711;0;0,00033360699;0;0,000167760976860113;0;
1511,1385447482;0;0,000332380877;0;0,000167852226325045;0;
1512,12686295928;0;0,000332347285;0;0,00016794346656787;0;
1513,11518117037;0;0,000333555902;0;0,000168035038615748;0;
1514,10349938145;0;0,000332745492;0;0,00016812638817947;0;
1515,09181759254;0;0,00033386453;0;0,000168218044955868;0;
1516,08013580362;0;0,000332686006;0;0,00016830937818873;0;
1517,06845401471;0;0,000332650314;0;0,000168400701622966;0;
1518,05677222579;0;0,000406737768;0;0,000168512364496091;0;
1519,04509043687;0;0,000488409346;0;0,000168646448899179;0;
1520,03340864796;0;0,000332704902;0;0,000168737787319613;0;
1521,02172685904;0;0,000333431332;0;0,000168829325168936;0;
1522,01004507013;0;0,000332421468;0;0,00016892058577743;0;
1522,99836328121;0;0,000333598592;0;0,000169012169545115;0;
1523,9866814923;0;0,000332572633;0;0,000169103471653366;0;
1524,97499970338;0;0,000332492851;0;0,000169194751858838;0;
1525,96331791447;0;0,000333733661;0;0,000169286372707398;0;
1526,95163612555;0;0,000332660812;0;0,00016937769902368;0;
1527,93995433664;0;0,000408674215;0;0,000169489893515092;0;
1528,92827254772;0;0,000486806721;0;0,000169623537944993;0;
1529,91659075881;0;0,000332714;0;0,000169714878863127;0;
1530,90490896989;0;0,000333809243;0;0,000169806520461429;0;
1531,89322718097;0;0,00033249775;0;0,000169897802011837;0;
1532,88154539206;0;0,000332289899;0;0,000169989026500321;0;
1533,86986360314;0;0,000333579697;0;0,000170080605080708;0;
1534,85818181423;0;0,000332377378;0;0,000170171853585049;0;
1535,84650002531;0;0,00033339564;0;0,000170263381635746;0;
1536,8348182364;0;0,000332020462;0;0,000170354532154926;0;
1537,82313644748;0;0,000408472662;0;0,000170466671313422;0;
1538,81145465857;0;0,000485373457;0;0,000170599922265291;0;
1539,79977286965;0;0,000331846203;0;0,000170691024944653;0;
1540,78809108074;0;0,000332128237;0;0,00017078220505161;0;
1541,77640929182;0;0,000333299063;0;0,000170873706588749;0;
1542,7647275029;0;0,000332133136;0;0,000170964888040641;0;
1543,75304571399;0;0,000333431332;0;0,000171056425889964;0;
1544,74136392507;0;0,000332421468;0;0,000171147686498458;0;
1545,72968213616;0;0,000332229013;0;0,000171238894271736;0;
1546,71800034724;0;0,000333590194;0;0,000171330475733894;0;
1547,70631855833;0;0,000410593865;0;0,000171443197232266;0;
1548,69463676941;0;0,000482805058;0;0,000171575743074273;0;
1549,6829549805;0;0,000333581096;0;0,000171667322038731;0;
1550,67127319158;0;0,000332629319;0;0,00017175863970915;0;
1551,65959140267;0;0,000333834437;0;0,000171850288224032;0;
1552,64790961375;0;0,000332571233;0;0,000171941589947937;0;
1553,63622782483;0;0,000332641217;0;0,000172032910884747;0;
1554,62454603592;0;0,000333981403;0;0,000172124599746622;0;
1555,612864247;0;0,000332898756;0;0,000172215991386345;0;
1556,60118245809;0;0,000332943546;0;0,000172307395322393;0;
1557,58950066917;0;0,00041403356;0;0,00017242106112999;0;
1558,57781888026;0;0,000481180738;0;0,00017255316104282;0;
1559,56613709134;0;0,000334029691;0;0,000172644863161336;0;
1560,55445530243;0;0,000332765787;0;0,000172736218296702;0;
1561,54277351351;0;0,000332525044;0;0,00017282750734021;0;
1562,5310917246;0;0,000333787548;0;0,000172919142982521;0;
1563,51940993568;0;0,000332392775;0;0,000173010395713845;0;
1564,50772814676;0;0,000332599926;0;0,00017310170531492;0;
1565,49604635785;0;0,000333945011;0;0,000173193384185996;0;
1566,48436456893;0;0,000332943546;0;0,000173284788122045;0;
1567,47268278002;0;0,000415889525;0;0,000173398963452977;0;
1568,4610009911;0;0,000479096626;0;0,000173530491208628;0;
1569,44931920219;0;0,000332512447;0;0,000173621776793846;0;
1570,43763741327;0;0,000333512513;0;0,000173713336930019;0;
1571,42595562436;0;0,000332337488;0;0,000173804574483245;0;
1572,41427383544;0;0,000332529943;0;0,000173895864871689;0;
1573,40259204653;0;0,000333774951;0;0,000173987497055711;0;
1574,39091025761;0;0,00033266921;0;0,000174078825677519;0;
1575,37922846869;0;0,000333994;0;0,000174170517997684;0;
1576,36754667978;0;0,000332662212;0;0,000174261844698311;0;
1577,35586489086;0;0,000415017529;0;0,000174375780637708;0;
1578,34418310195;0;0,000476553422;0;0,000174506610200352;0;
1579,33250131303;0;0,000332811977;0;0,00017459797801639;0;
1580,32081952412;0;0,000332995334;0;0,000174689396169945;0;
1581,3091377352;0;0,000334020594;0;0,000174781095791036;0;
1582,29745594629;0;0,000332746192;0;0,000174872445546931;0;
1583,28577415737;0;0,000333770752;0;0,000174964076578189;0;
1584,27409236846;0;0,000332566334;0;0,000175055376957158;0;
1585,26241057954;0;0,000332554437;0;0,000175146674070009;0;
1586,25072879063;0;0,000333590894;0;0,00017523825572434;0;
1587,23904700171;0;0,0004159952;0;0,00017535246006653;0;
1588,22736521279;0;0,000474943798;0;0,000175482847734531;0;
1589,21568342388;0;0,000333443229;0;0,000175574388849971;0;
1590,20400163496;0;0,000332707701;0;0,000175665728038823;0;
1591,19231984605;0;0,000333978603;0;0,000175757416132005;0;
1592,18063805713;0;0,000332692305;0;0,00017584875109415;0;
1593,16895626822;0;0,000332794481;0;0,000175940114106961;0;
1594,1572744793;0;0,000333660178;0;0,000176031714782025;0;
1595,14559269039;0;0,000332467657;0;0,000176122988070917;0;
1596,13391090147;0;0,000332387876;0;0,000176214239457304;0;
1597,12222911256;0;0,000418193386;0;0,000176329047273731;0;
1598,11054732364;0;0,000474265657;0;0,000176459248769761;0;
1599,09886553472;0;0,00033377845;0;0,000176550881914372;0;
1600,08718374581;0;0,000332695104;0;0,000176642217644934;0;
1601,07550195689;0;0,000332532742;0;0,000176733508801795;0;
1602,06382016798;0;0,000333807144;0;0,000176825149823852;0;
1603,05213837906;0;0,000332526443;0;0,000176916439251431;0;
1604,04045659015;0;0,000332408171;0;0,000177007696209463;0;
1605,02877480123;0;0,000333390741;0;0,000177099222915223;0;
1606,01709301232;0;0,000332168127;0;0,000177190413973294;0;
1607,0054112234;0;0,000419124868;0;0,000177305477512117;0;
1607,99372943449;0;0,000472947166;0;0,000177435317039072;0;
1608,98204764557;0;0,000332040757;0;0,000177526473129896;0;
1609,97036585665;0;0,000333150697;0;0,000177617933935696;0;
1610,95868406774;0;0,000332018362;0;0,000177709083878357;0;
1611,94700227882;0;0,000332026061;0;0,000177800235934646;0;
1612,93532048991;0;0,000333041523;0;0,000177891666768598;0;
1613,92363870099;0;0,000331784617;0;0,000177982752540581;0;
1614,91195691208;0;0,000333175891;0;0,000178074220262962;0;
1615,90027512316;0;0,000331870697;0;0,000178165329666731;0;
1616,88859333425;0;0,000426335279;0;0,000178282372700138;0;
1617,87691154533;0;0,000465269963;0;0,000178410104582778;0;
1618,86522975642;0;0,000331849702;0;0,00017850120822273;0;
1619,8535479675;0;0,00033160126;0;0,000178592243657196;0;
1620,84186617858;0;0,000332856766;0;0,000178683623769285;0;
1621,83018438967;0;0,000331634152;0;0,000178774668233685;0;
1622,81850260075;0;0,000332959642;0;0,000178866076588614;0;
1623,80682081184;0;0,00033189939;0;0,000178957193869554;0;
1624,79513902292;0;0,00033194348;0;0,000179048323254647;0;
1625,78345723401;0;0,000333023327;0;0,0001791397490932;0;
1626,77177544509;0;0,000427839227;0;0,000179257205009717;0;
1627,76009365618;0;0,000463380406;0;0,000179384418146914;0;
1628,74841186726;0;0,000333254273;0;0,000179475907387727;0;
1629,73673007835;0;0,000332312993;0;0,000179567138216272;0;
1630,72504828943;0;0,000333389341;0;0,000179658664537686;0;
1631,71336650051;0;0,000332193321;0;0,000179749862512338;0;
1632,7016847116;0;0,000332303896;0;0,000179841090843458;0;
1633,69000292268;0;0,000333348751;0;0,000179932606021584;0;
1634,67832113377;0;0,000332032359;0;0,000180023759806881;0;
1635,66663934485;0;0,000332096744;0;0,000180114931267975;0;
1636,65495755594;0;0,000429295586;0;0,000180232787002859;0;
1637,64327576702;0;0,000459240175;0;0,000180358863510696;0;
1638,63159397811;0;0,000333558702;0;0,000180450436327266;0;
1639,61991218919;0;0,000332037958;0;0,000180541591649672;0;
1640,60823040028;0;0,000332136635;0;0,000180632774062155;0;
1641,59654861136;0;0,000333534207;0;0,000180724340154043;0;
1642,58486682245;0;0,00033245366;0;0,000180815609600299;0;
1643,57318503353;0;0,000332389276;0;0,000180906861371032;0;
1644,56150324461;0;0,00033352511;0;0,000180998424965495;0;
1645,5498214557;0;0,000332322791;0;0,000181089658483913;0;
1646,53813966678;0;0,000431434286;0;0,000181208101362174;0;
1647,52645787787;0;0,000462292161;0;0,000181335015740385;0;
1648,51477608895;0;0,000332641916;0;0,000181426336869094;0;
